date,open,high,low,close
2018-01-01,10517.39,10565.91,10414.68,10554.84
2018-01-02,10546.44,10572.31,10470.1,10546.5
2018-01-03,10515.4,10695.17,10510.37,10616.72
2018-01-04,10616.68,10785.99,10574.47,10776.17
2018-01-05,10756.6,10760.66,10741.1,10757.9
2018-01-08,10738.73,10742.32,10702.1,10739.67
2018-01-09,10785.21,10932.03,10676.89,10906.75
2018-01-10,10905.92,10993.99,10865.08,10991.8
2018-01-11,10995.86,11050.98,10931.64,10948.79
2018-01-12,10982.93,11030.07,10976.59,11010.75
2018-01-15,11028.95,11054.19,10933.63,10968.29
2018-01-16,10954.49,10987.32,10902.93,10925.77
2018-01-17,10885.67,11024.62,10804.56,10956.43
2018-01-18,10940.54,10949.29,10701.55,10765.68
2018-01-19,10767.71,10798.67,10530.84,10597.1
2018-01-22,10625.43,10675.69,10541.85,10546.38
2018-01-23,10567.46,10647.91,10419.8,10451.32
2018-01-24,10461.35,10496.16,10434.17,10487.81
2018-01-25,10480.18,10491.77,10384.81,10403.57
2018-01-26,10393.71,10408.92,10270.95,10270.96
2018-01-29,10294.59,10466.77,10263.33,10419.56
2018-01-30,10436.07,10468.87,10369.16,10402.72
2018-01-31,10367.51,10438.05,10359.73,10414.74
2018-02-01,10435.66,10464.9,10249.51,10280.77
2018-02-02,10302.45,10306.38,10216.23,10233.3
2018-02-05,10241.12,10282.99,10219.36,10249.32
2018-02-06,10282.57,10283.49,10084.4,10143.68
2018-02-07,10129.74,10257.5,10077.46,10185.01
2018-02-08,10200.57,10221.03,10075.12,10132.59
2018-02-09,10115.71,10141.53,10105.49,10109.92
2018-02-12,10111.45,10165.7,10029.92,10057.79
2018-02-13,10027.45,10288.05,10026.52,10240.65
2018-02-14,10225.73,10256.6,10207.16,10244.63
2018-02-15,10264.92,10289.02,10132.67,10147.98
2018-02-16,10162.54,10255.57,10145.34,10232.44
2018-02-19,10239.23,10245.03,10074.38,10120.3
2018-02-20,10145.19,10235.65,10144.83,10145.53
2018-02-21,10124.29,10125.47,9925.07,9964.53
2018-02-22,9952.27,9957.4,9831.91,9845.33
2018-02-23,9869.02,9899.63,9836.5,9868.75
2018-02-26,9860.34,9958.97,9831.86,9942.98
2018-02-27,9959.8,10010.12,9937.75,9964.23
2018-02-28,9956.91,9966.6,9884.96,9958.49
2018-03-01,9951.5,9993.3,9921.85,9935.32
2018-03-02,9928.68,9982.08,9794.24,9802.54
2018-03-05,9804.32,9875.17,9707.59,9741.11
2018-03-06,9785.82,9800.64,9689.14,9703.81
2018-03-07,9692.3,9818.62,9673.96,9806.28
2018-03-08,9824.66,9881.77,9769.38,9843.25
2018-03-09,9850.36,9874.33,9677.06,9685.62
2018-03-12,9667.64,9723.17,9660.4,9720.34
2018-03-13,9693.41,9724.17,9651.41,9690.03
2018-03-14,9675.89,9715.47,9621.54,9633.22
2018-03-15,9633.68,9704.3,9631.33,9694.06
2018-03-16,9698.35,9847.61,9649.73,9794.01
2018-03-19,9740.69,9922.94,9740.09,9885.67
2018-03-20,9906.39,9951.48,9811.69,9812.65
2018-03-21,9816.87,9838.93,9728.25,9789.07
2018-03-22,9823.25,9879.82,9808.25,9824.83
2018-03-23,9834.85,9940.17,9795.7,9920.93
2018-03-26,9957.19,10023.12,9578.8,9589.75
2018-03-27,9591.37,9716.35,9556.97,9652.6
2018-03-28,9620.32,9620.42,9611.05,9611.86
2018-03-29,9607.47,9686.47,9553.31,9662.51
2018-03-30,9654.61,9723.45,9628.37,9704.86
2018-04-02,9707.76,9718.96,9698.41,9703.07
2018-04-03,9717.44,9718.75,9661.04,9701.47
2018-04-04,9677.54,9857.34,9621.19,9798.96
2018-04-05,9814.78,9841.76,9796.96,9837.57
2018-04-06,9826.28,9869.25,9708.31,9782.83
2018-04-09,9770.99,9866.08,9769.89,9821.36
2018-04-10,9817.19,10030.27,9816.79,9970.28
2018-04-11,9976.19,9986.1,9907.21,9972.05
2018-04-12,9977.8,10148.59,9921.08,10125.8
2018-04-13,10115.32,10136.58,9842.6,9883.31
2018-04-16,9862.29,9996.99,9853.0,9965.51
2018-04-17,9939.08,10005.16,9872.91,9978.86
2018-04-18,9997.22,10009.27,9955.2,9955.84
2018-04-19,9974.08,10002.89,9957.17,9969.61
2018-04-20,9948.55,9990.67,9753.13,9789.17
2018-04-23,9779.53,9794.58,9762.63,9773.92
2018-04-24,9756.49,9824.56,9737.57,9812.01
2018-04-25,9802.83,9987.18,9799.5,9955.13
2018-04-26,9951.09,9959.86,9849.37,9911.61
2018-04-27,9912.97,9938.32,9806.18,9841.25
2018-04-30,9824.48,9881.96,9763.2,9799.76
2018-05-01,9755.99,9909.3,9722.11,9889.99
2018-05-02,9879.86,9961.54,9822.72,9925.88
2018-05-03,9926.21,9957.59,9830.01,9881.42
2018-05-04,9884.64,9931.92,9652.29,9660.81
2018-05-07,9646.47,9678.2,9642.82,9658.74
2018-05-08,9656.15,9791.57,9634.63,9775.46
2018-05-09,9772.83,9788.6,9643.15,9664.39
2018-05-10,9689.8,9794.97,9643.4,9772.86
2018-05-11,9744.01,9841.99,9731.11,9827.04
2018-05-14,9832.52,9866.42,9648.62,9697.08
2018-05-15,9675.59,9783.83,9624.5,9729.27
2018-05-16,9735.06,9800.66,9717.8,9758.33
2018-05-17,9781.39,9792.28,9750.67,9763.84
2018-05-18,9748.58,9788.55,9701.11,9747.25
2018-05-21,9779.88,9818.42,9568.64,9622.72
2018-05-22,9613.34,9633.86,9535.4,9589.49
2018-05-23,9586.71,9599.28,9532.77,9563.42
2018-05-24,9542.19,9585.97,9490.67,9496.09
2018-05-25,9485.12,9509.45,9432.63,9486.52
2018-05-28,9476.35,9537.79,9436.12,9527.72
2018-05-29,9526.86,9722.42,9518.72,9704.06
2018-05-30,9716.92,9756.5,9677.93,9725.1
2018-05-31,9727.47,9814.11,9633.53,9753.83
2018-06-01,9744.65,9768.73,9735.05,9752.0
2018-06-04,9763.61,9815.4,9556.7,9581.72
2018-06-05,9589.03,9594.24,9560.57,9584.26
2018-06-06,9613.2,9622.44,9530.58,9594.67
2018-06-07,9608.94,9858.4,9603.44,9825.68
2018-06-08,9841.14,9852.85,9808.9,9812.89
2018-06-11,9801.59,9960.18,9774.21,9845.97
2018-06-12,9840.99,9907.43,9825.32,9847.82
2018-06-13,9837.16,9879.14,9699.83,9744.7
2018-06-14,9740.43,9902.63,9718.79,9855.58
2018-06-15,9858.73,9953.67,9827.78,9930.97
2018-06-18,9943.32,10023.97,9899.82,10010.65
2018-06-19,10008.15,10030.93,9908.1,9930.11
2018-06-20,9968.64,10097.69,9917.14,10067.81
2018-06-21,10044.94,10064.55,9928.64,9940.45
2018-06-22,9972.69,10027.07,9935.56,10000.89
2018-06-25,9998.56,10283.34,9963.2,10215.31
2018-06-26,10162.43,10164.86,9803.48,9840.86
2018-06-27,9820.91,9934.66,9780.21,9901.08
2018-06-28,9898.18,9977.41,9851.16,9947.46
2018-06-29,9951.07,10024.9,9932.2,9976.41
2018-07-02,9962.04,10098.59,9935.8,10037.62
2018-07-03,10000.27,10034.84,9898.25,9920.93
2018-07-04,9924.83,9964.84,9805.3,9826.91
2018-07-05,9794.56,9935.55,9748.94,9876.07
2018-07-06,9874.35,9908.06,9781.22,9795.7
2018-07-09,9797.6,9951.09,9784.71,9945.35
2018-07-10,9952.49,10000.59,9867.17,9877.11
2018-07-11,9883.32,9955.98,9806.16,9852.17
2018-07-12,9862.43,9958.36,9788.4,9933.32
2018-07-13,9941.48,9976.48,9800.4,9823.53
2018-07-16,9821.88,9834.97,9604.96,9611.49
2018-07-17,9579.01,9607.62,9564.95,9600.2
2018-07-18,9586.66,9753.02,9538.63,9657.03
2018-07-19,9634.82,9648.18,9285.45,9339.92
2018-07-20,9311.97,9362.38,9307.35,9359.5
2018-07-23,9335.64,9452.26,9293.96,9437.93
2018-07-24,9466.39,9475.84,9359.76,9454.36
2018-07-25,9415.45,9428.86,9352.23,9405.36
2018-07-26,9407.06,9476.55,9387.98,9456.81
2018-07-27,9454.41,9519.62,9425.65,9488.27
2018-07-30,9524.95,9541.84,9450.88,9515.67
2018-07-31,9526.15,9559.23,9525.97,9551.8
2018-08-01,9567.46,9612.74,9462.89,9495.51
2018-08-02,9494.95,9542.08,9472.28,9521.28
2018-08-03,9516.86,9553.73,9506.57,9552.62
2018-08-06,9550.59,9615.71,9402.46,9493.25
2018-08-07,9500.41,9670.95,9439.77,9667.08
2018-08-08,9652.38,9720.4,9624.77,9715.47
2018-08-09,9703.62,9764.77,9610.57,9611.68
2018-08-10,9613.95,9702.58,9568.67,9676.48
2018-08-13,9672.37,9692.52,9532.07,9592.72
2018-08-14,9591.55,9690.67,9526.92,9669.32
2018-08-15,9704.98,9829.13,9661.41,9780.8
2018-08-16,9775.4,9807.3,9701.81,9710.25
2018-08-17,9703.91,9815.11,9664.47,9804.11
2018-08-20,9783.24,9886.7,9754.73,9847.5
2018-08-21,9889.82,9993.79,9885.34,9929.41
2018-08-22,9910.28,10160.92,9875.65,10114.2
2018-08-23,10113.58,10151.08,10006.96,10095.98
2018-08-24,10080.42,10130.03,10021.78,10029.5
2018-08-27,10052.47,10090.28,9949.31,9950.69
2018-08-28,9977.96,10043.13,9870.07,9879.37
2018-08-29,9868.7,9882.18,9840.68,9877.27
2018-08-30,9881.63,9954.34,9861.82,9914.28
2018-08-31,9942.56,9958.45,9909.14,9945.36
2018-09-03,9950.34,10061.03,9934.57,10028.57
2018-09-04,10013.18,10065.63,9968.02,10034.98
2018-09-05,10016.63,10202.46,10010.09,10179.01
2018-09-06,10211.98,10234.99,10105.02,10158.82
2018-09-07,10156.93,10438.96,10109.27,10428.7
2018-09-10,10426.51,10508.13,10411.43,10495.95
2018-09-11,10487.4,10549.12,10200.29,10215.15
2018-09-12,10216.17,10304.96,10195.53,10302.54
2018-09-13,10304.18,10356.19,10300.89,10353.49
2018-09-14,10335.69,10419.9,10304.26,10411.32
2018-09-17,10407.58,10535.6,10400.62,10528.78
2018-09-18,10537.57,10561.12,10507.64,10514.97
2018-09-19,10495.8,10564.41,10453.08,10513.16
2018-09-20,10529.35,10556.7,10400.9,10434.75
2018-09-21,10431.38,10457.46,10251.4,10291.76
2018-09-24,10269.34,10319.13,10233.49,10253.72
2018-09-25,10275.35,10350.1,10247.56,10342.37
2018-09-26,10319.73,10393.05,10261.19,10368.66
2018-09-27,10346.17,10433.77,10218.14,10252.61
2018-09-28,10267.99,10280.67,10254.82,10274.7
2018-10-01,10248.57,10321.56,10201.09,10317.5
2018-10-02,10282.8,10287.72,10210.95,10236.97
2018-10-03,10271.45,10312.54,10187.5,10257.14
2018-10-04,10243.17,10273.67,10135.8,10268.08
2018-10-05,10262.29,10266.33,10156.76,10163.02
2018-10-08,10162.16,10205.42,10051.87,10202.7
2018-10-09,10207.93,10282.04,10153.29,10262.2
2018-10-10,10269.77,10378.53,10224.38,10373.11
2018-10-11,10324.2,10503.91,10292.58,10482.32
2018-10-12,10481.6,10573.78,10297.45,10352.09
2018-10-15,10346.92,10360.11,10256.89,10266.05
2018-10-16,10291.97,10398.33,10287.35,10321.46
2018-10-17,10345.12,10381.11,10305.76,10377.04
2018-10-18,10364.51,10449.45,10334.62,10433.05
2018-10-19,10429.86,10890.75,10404.94,10825.44
2018-10-22,10814.88,10909.64,10807.32,10889.61
2018-10-23,10860.67,11015.46,10856.37,11012.77
2018-10-24,11034.26,11161.46,10990.9,11118.23
2018-10-25,11116.05,11242.25,11057.86,11192.64
2018-10-26,11235.95,11243.13,11123.28,11165.11
2018-10-29,11126.97,11369.98,11087.21,11251.27
2018-10-30,11245.52,11259.29,11142.33,11175.17
2018-10-31,11190.31,11198.48,11155.46,11155.95
2018-11-01,11168.46,11246.27,11094.13,11110.63
2018-11-02,11074.03,11151.87,11044.1,11124.97
2018-11-05,11090.0,11412.96,11083.37,11376.83
2018-11-06,11372.16,11425.53,11107.36,11183.63
2018-11-07,11185.28,11288.36,11173.73,11262.19
2018-11-08,11258.6,11277.96,11060.0,11097.6
2018-11-09,11100.85,11115.08,11052.82,11053.92
2018-11-12,11046.42,11247.43,10998.17,11174.01
2018-11-13,11194.2,11283.23,11084.52,11186.57
2018-11-14,11160.26,11175.23,10967.64,11078.94
2018-11-15,11078.04,11088.86,10943.0,11009.99
2018-11-16,11013.3,11172.31,10956.62,11086.63
2018-11-19,11073.11,11090.66,10966.23,11016.07
2018-11-20,10997.31,11128.71,10993.58,11044.32
2018-11-21,11077.67,11093.42,10994.36,11054.78
2018-11-22,11078.5,11102.74,10959.19,10992.59
2018-11-23,10976.73,11300.43,10975.31,11223.34
2018-11-26,11158.14,11323.32,11154.94,11296.6
2018-11-27,11307.25,11355.05,11079.38,11088.2
2018-11-28,11124.38,11152.06,11079.83,11113.48
2018-11-29,11108.2,11208.68,11010.03,11049.9
2018-11-30,11041.48,11169.37,11008.34,11145.02
2018-12-03,11117.24,11201.17,11041.17,11067.57
2018-12-04,11110.76,11122.81,11019.72,11061.29
2018-12-05,11041.38,11189.92,10987.45,11119.93
2018-12-06,11117.77,11306.53,11073.0,11217.06
2018-12-07,11203.9,11263.1,11002.02,11096.28
2018-12-10,11102.7,11104.74,11032.48,11066.97
2018-12-11,11042.39,11075.95,10955.67,11023.1
2018-12-12,11028.88,11055.78,10954.55,10960.91
2018-12-13,10946.49,11187.81,10916.57,11151.04
2018-12-14,11147.94,11253.56,11128.21,11199.57
2018-12-17,11191.93,11217.29,11023.03,11072.64
2018-12-18,11090.68,11272.56,11073.72,11174.85
2018-12-19,11159.65,11441.09,11129.3,11407.08
2018-12-20,11444.72,11557.98,11417.93,11524.86
2018-12-21,11496.27,11509.77,11363.39,11366.44
2018-12-24,11340.59,11381.09,11250.98,11320.39
2018-12-25,11321.13,11467.3,11316.35,11462.64
2018-12-26,11494.61,11542.67,11374.06,11392.12
2018-12-27,11388.27,11524.7,11346.54,11445.9
2018-12-28,11469.86,11571.01,11426.87,11535.93
2018-12-31,11522.34,11543.81,11359.41,11441.24
2019-01-01,11462.56,11512.84,11391.1,11440.7
2019-01-02,11477.41,11496.79,11032.21,11101.34
2019-01-03,11096.89,11175.33,10962.21,11000.08
2019-01-04,10960.39,10987.0,10918.51,10979.52
2019-01-07,10986.64,11086.76,10771.06,10856.43
2019-01-08,10854.63,11031.64,10796.27,11030.87
2019-01-09,11005.42,11042.62,10840.53,10888.43
2019-01-10,10886.07,10912.33,10835.04,10848.84
2019-01-11,10862.93,10893.15,10845.11,10867.86
2019-01-14,10874.04,11068.2,10854.66,11022.56
2019-01-15,11063.54,11107.01,10804.85,10879.63
2019-01-16,10825.4,11009.8,10811.37,11005.54
2019-01-17,11002.79,11047.74,10985.36,11012.29
2019-01-18,10972.46,10990.17,10882.56,10916.26
2019-01-21,10905.33,10988.92,10901.9,10969.68
2019-01-22,10992.81,11038.65,10989.26,10996.01
2019-01-23,11015.55,11031.47,10920.84,10939.46
2019-01-24,10963.71,10981.52,10925.31,10952.33
2019-01-25,10964.94,10971.5,10869.15,10918.16
2019-01-28,10926.23,10962.78,10911.44,10935.51
2019-01-29,10915.77,11051.53,10854.77,11009.82
2019-01-30,11036.73,11196.18,11029.47,11181.83
2019-01-31,11198.9,11221.81,10998.67,11057.51
2019-02-01,11086.73,11304.37,11048.07,11288.46
2019-02-04,11276.24,11279.47,11039.89,11087.87
2019-02-05,11077.75,11094.27,10995.79,11077.69
2019-02-06,11075.38,11173.49,11040.97,11145.19
2019-02-07,11143.94,11242.73,11097.54,11180.59
2019-02-08,11163.88,11165.83,11117.7,11120.73
2019-02-11,11125.85,11223.36,11089.72,11104.61
2019-02-12,11129.59,11185.93,11014.85,11058.7
2019-02-13,11079.06,11112.81,10986.48,11002.96
2019-02-14,10995.88,11102.2,10951.83,11097.37
2019-02-15,11103.25,11146.24,11060.28,11140.62
2019-02-18,11122.74,11126.17,11029.52,11073.63
2019-02-19,11085.35,11194.76,11018.26,11173.92
2019-02-20,11180.87,11283.0,11171.36,11212.2
2019-02-21,11238.63,11331.46,11147.66,11304.48
2019-02-22,11309.01,11392.33,11251.39,11377.8
2019-02-25,11385.42,11407.82,11093.71,11115.3
2019-02-26,11118.06,11238.98,11113.8,11210.92
2019-02-27,11197.61,11409.99,11153.14,11385.46
2019-02-28,11410.39,11488.38,11334.51,11368.48
2019-03-01,11400.28,11471.3,11347.08,11370.75
2019-03-04,11346.7,11429.28,11307.25,11400.56
2019-03-05,11392.74,11562.67,11356.06,11544.98
2019-03-06,11518.51,11539.97,11400.76,11486.55
2019-03-07,11515.11,11584.72,11470.01,11552.04
2019-03-08,11566.78,11587.59,11494.48,11535.94
2019-03-11,11504.37,11527.37,11500.65,11518.18
2019-03-12,11520.0,11665.88,11496.01,11644.4
2019-03-13,11625.35,11766.7,11594.94,11741.63
2019-03-14,11761.91,11838.89,11740.23,11838.34
2019-03-15,11829.49,11991.64,11752.74,11991.46
2019-03-18,11961.8,12032.45,11939.23,12000.03
2019-03-19,11978.84,12154.74,11953.0,12083.84
2019-03-20,12071.57,12161.35,12043.63,12054.68
2019-03-21,12053.6,12147.78,12003.28,12097.9
2019-03-22,12118.91,12213.72,12074.07,12089.27
2019-03-25,12084.73,12130.67,12070.51,12106.59
2019-03-26,12113.7,12217.34,12111.31,12181.15
2019-03-27,12193.07,12200.43,12075.18,12093.57
2019-03-28,12071.13,12370.58,12043.45,12341.42
2019-03-29,12334.6,12401.63,12213.64,12230.97
2019-04-01,12203.0,12229.44,12032.52,12097.69
2019-04-02,12067.17,12333.68,12047.13,12237.11
2019-04-03,12262.41,12407.74,12214.71,12335.35
2019-04-04,12332.63,12475.19,12320.07,12414.72
2019-04-05,12441.79,12555.06,12387.5,12495.09
2019-04-08,12514.94,12524.05,12493.18,12500.09
2019-04-09,12503.27,12507.62,12325.39,12400.96
2019-04-10,12367.07,12501.79,12271.43,12416.25
2019-04-11,12442.8,12481.29,12336.89,12343.42
2019-04-12,12340.59,12508.3,12298.56,12464.11
2019-04-15,12460.93,12472.78,12441.62,12453.22
2019-04-16,12471.17,12519.01,12319.67,12362.84
2019-04-17,12398.69,12469.41,12317.98,12331.71
2019-04-18,12324.19,12420.95,12264.21,12386.31
2019-04-19,12426.66,12506.59,12314.82,12326.86
2019-04-22,12337.57,12371.44,12196.49,12237.78
2019-04-23,12243.22,12276.13,12242.92,12272.32
2019-04-24,12293.39,12326.52,12277.68,12307.1
2019-04-25,12294.63,12336.4,12240.65,12254.61
2019-04-26,12242.39,12264.37,12149.59,12206.48
2019-04-29,12200.28,12272.05,12198.91,12239.59
2019-04-30,12242.14,12300.26,12065.07,12079.49
2019-05-01,12071.3,12079.62,11891.44,11926.05
2019-05-02,11929.31,11987.91,11850.92,11851.48
2019-05-03,11893.58,11915.5,11797.27,11833.7
2019-05-06,11846.65,11939.43,11781.32,11874.64
2019-05-07,11869.96,12076.99,11863.18,12047.56
2019-05-08,12047.8,12217.25,12042.57,12151.85
2019-05-09,12185.27,12200.63,12094.78,12139.76
2019-05-10,12145.32,12229.36,12072.1,12143.85
2019-05-13,12115.58,12204.34,12000.26,12035.56
2019-05-14,12019.44,12081.84,11964.22,12039.66
2019-05-15,12009.48,12014.14,11996.72,12013.06
2019-05-16,12037.97,12083.15,12017.97,12055.97
2019-05-17,12027.73,12137.13,11956.8,11968.27
2019-05-20,11968.48,12113.01,11940.4,12033.36
2019-05-21,12073.48,12235.31,12041.05,12215.2
2019-05-22,12201.21,12275.18,12180.98,12208.95
2019-05-23,12224.58,12326.25,12209.56,12261.71
2019-05-24,12291.15,12377.94,12271.72,12348.3
2019-05-27,12333.54,12429.66,12236.69,12307.92
2019-05-28,12306.46,12412.67,12241.74,12340.38
2019-05-29,12340.2,12357.01,12203.52,12348.21
2019-05-30,12333.56,12452.48,12314.28,12365.99
2019-05-31,12360.22,12490.65,12274.42,12282.33
2019-06-03,12248.57,12305.38,12240.11,12291.52
2019-06-04,12300.54,12362.47,12191.53,12355.86
2019-06-05,12369.62,12586.81,12363.46,12532.92
2019-06-06,12512.87,12666.1,12467.31,12653.56
2019-06-07,12706.89,12956.04,12671.94,12920.31
2019-06-10,12911.95,12971.78,12823.44,12833.58
2019-06-11,12843.87,12975.41,12709.15,12946.48
2019-06-12,12914.51,13025.32,12866.79,12975.62
2019-06-13,12980.89,13320.43,12942.9,13253.74
2019-06-14,13278.43,13317.3,13105.33,13159.68
2019-06-17,13200.85,13262.84,13021.21,13062.42
2019-06-18,13085.87,13145.02,12960.29,12995.35
2019-06-19,12976.01,13009.86,12661.9,12743.72
2019-06-20,12711.31,12774.73,12672.18,12687.11
2019-06-21,12693.98,12715.99,12577.29,12602.93
2019-06-24,12590.73,12633.61,12515.38,12627.36
2019-06-25,12651.59,12739.91,12619.93,12674.74
2019-06-26,12664.64,12972.3,12658.41,12908.1
2019-06-27,12923.29,13036.08,12842.84,13031.27
2019-06-28,13044.04,13072.61,12937.74,12967.11
2019-07-01,12952.72,12976.72,12824.55,12864.13
2019-07-02,12867.38,12928.0,12327.78,12420.84
2019-07-03,12445.14,12447.01,12346.31,12359.83
2019-07-04,12364.74,12627.66,12264.19,12601.58
2019-07-05,12654.81,12694.8,12577.75,12577.85
2019-07-08,12578.72,12679.19,12518.55,12522.96
2019-07-09,12562.75,12625.34,12514.41,12604.83
2019-07-10,12608.23,12711.72,12553.55,12705.7
2019-07-11,12714.79,12861.98,12686.49,12860.84
2019-07-12,12865.81,12903.92,12826.27,12870.4
2019-07-15,12854.32,13013.7,12677.96,12684.49
2019-07-16,12670.43,12689.8,12518.46,12619.36
2019-07-17,12670.54,12678.9,12584.75,12626.5
2019-07-18,12641.26,12659.98,12618.81,12638.62
2019-07-19,12621.92,12634.57,12550.58,12591.48
2019-07-22,12621.3,12702.25,12587.93,12672.34
2019-07-23,12640.28,12679.78,12503.1,12551.62
2019-07-24,12558.17,12609.57,12531.18,12541.21
2019-07-25,12515.4,12586.92,12473.29,12561.95
2019-07-26,12551.8,12643.09,12483.48,12629.68
2019-07-29,12630.35,12722.61,12593.09,12721.45
2019-07-30,12722.73,12755.07,12539.14,12593.47
2019-07-31,12585.21,12750.08,12378.01,12418.64
2019-08-01,12448.66,12577.66,12431.77,12575.96
2019-08-02,12605.31,12627.14,12499.8,12622.02
2019-08-05,12584.02,12605.09,12536.18,12539.53
2019-08-06,12576.01,12768.59,12560.45,12731.24
2019-08-07,12708.72,12778.3,12612.55,12751.74
2019-08-08,12741.91,12903.97,12734.96,12901.29
2019-08-09,12956.75,13051.78,12877.39,12916.18
2019-08-12,12863.38,13182.18,12844.01,13176.95
2019-08-13,13154.27,13447.73,13071.01,13404.25
2019-08-14,13397.34,13432.83,13329.86,13379.65
2019-08-15,13378.13,13528.19,13341.99,13510.01
2019-08-16,13541.23,13675.22,13524.98,13599.67
2019-08-19,13590.01,13806.67,13571.44,13783.79
2019-08-20,13807.7,13859.6,13602.46,13665.74
2019-08-21,13664.95,13834.84,13627.77,13761.71
2019-08-22,13756.24,14002.21,13737.94,13907.21
2019-08-23,13935.21,14006.67,13664.35,13685.06
2019-08-26,13689.04,13691.8,13459.2,13539.88
2019-08-27,13517.94,13543.06,13243.97,13288.34
2019-08-28,13249.82,13274.54,13164.96,13261.39
2019-08-29,13256.13,13405.62,13246.22,13358.5
2019-08-30,13374.24,13564.96,13299.16,13556.48
2019-09-02,13534.46,13588.56,13518.43,13572.98
2019-09-03,13583.64,13793.18,13514.18,13790.58
2019-09-04,13855.06,13868.14,13612.92,13618.93
2019-09-05,13635.73,13670.45,13405.34,13408.4
2019-09-06,13390.24,13430.56,13375.45,13408.28
2019-09-09,13415.48,13520.33,13371.0,13463.97
2019-09-10,13427.21,13505.03,13288.99,13466.75
2019-09-11,13458.48,13487.24,13205.07,13213.04
2019-09-12,13214.22,13280.67,13071.66,13208.73
2019-09-13,13238.78,13262.78,13027.89,13053.65
2019-09-16,13076.33,13231.79,13059.84,13143.29
2019-09-17,13137.03,13226.54,13104.78,13195.71
2019-09-18,13176.06,13197.9,13062.49,13085.78
2019-09-19,13064.87,13127.91,12997.37,13029.12
2019-09-20,13033.59,13053.97,12881.92,12906.02
2019-09-23,12889.86,12926.96,12864.08,12905.04
2019-09-24,12910.22,13050.78,12871.51,13028.75
2019-09-25,13024.22,13060.34,12901.49,12914.62
2019-09-26,12888.46,13070.6,12888.2,12982.98
2019-09-27,12965.91,12979.09,12874.77,12924.75
2019-09-30,12956.0,12990.29,12812.73,12834.9
2019-10-01,12844.6,12915.33,12754.11,12828.55
2019-10-02,12838.32,12861.17,12664.39,12710.22
2019-10-03,12725.56,12766.89,12636.54,12650.43
2019-10-04,12627.75,12643.08,12447.82,12514.5
2019-10-07,12467.92,12761.33,12425.2,12755.58
2019-10-08,12744.83,12824.17,12723.37,12766.41
2019-10-09,12791.99,12837.56,12670.26,12688.83
2019-10-10,12691.31,12766.82,12647.39,12721.07
2019-10-11,12741.68,12799.68,12695.6,12714.13
2019-10-14,12730.73,12775.65,12690.35,12694.16
2019-10-15,12672.39,12800.29,12621.33,12774.63
2019-10-16,12773.33,12885.75,12663.73,12873.04
2019-10-17,12896.07,12946.08,12791.12,12815.28
2019-10-18,12805.86,12819.97,12742.94,12752.32
2019-10-21,12757.12,12776.98,12725.74,12725.78
2019-10-22,12718.38,12748.61,12388.99,12458.39
2019-10-23,12490.37,12600.56,12228.68,12287.63
2019-10-24,12256.69,12492.99,12206.5,12453.79
2019-10-25,12443.74,12680.15,12421.03,12655.4
2019-10-28,12694.1,12712.65,12585.83,12632.17
2019-10-29,12649.09,12761.55,12639.07,12707.73
2019-10-30,12719.92,12755.3,12662.21,12751.74
2019-10-31,12747.87,13162.43,12741.34,13134.94
2019-11-01,13155.98,13176.62,12589.13,12605.59
2019-11-04,12626.55,12821.84,12605.75,12810.47
2019-11-05,12836.96,12937.01,12799.63,12901.47
2019-11-06,12828.46,12937.46,12761.31,12908.85
2019-11-07,12855.35,13067.65,12832.77,13018.08
2019-11-08,12959.63,12986.1,12876.96,12935.99
2019-11-11,12988.85,13003.93,12500.84,12547.34
2019-11-12,12523.24,12639.02,12509.17,12631.7
2019-11-13,12678.64,12727.87,12590.57,12594.8
2019-11-14,12586.36,12938.92,12554.81,12784.75
2019-11-15,12767.65,12779.12,12686.7,12731.38
2019-11-18,12670.16,12806.55,12579.82,12790.56
2019-11-19,12748.84,12980.24,12712.8,12977.37
2019-11-20,12990.91,13002.52,12920.23,12993.56
2019-11-21,12968.07,13011.14,12825.56,12894.9
2019-11-22,12928.25,13104.87,12864.76,13088.57
2019-11-25,13084.04,13179.38,13081.05,13162.18
2019-11-26,13169.68,13198.94,13039.39,13040.53
2019-11-27,13061.07,13067.84,13021.59,13023.82
2019-11-28,13036.69,13071.46,12919.93,12923.17
2019-11-29,12910.92,12920.69,12680.63,12761.99
2019-12-02,12756.63,13008.16,12671.12,12880.81
2019-12-03,12833.77,13177.06,12833.05,13122.09
2019-12-04,13088.97,13114.68,12905.26,12956.5
2019-12-05,12969.68,13042.17,12957.62,13032.33
2019-12-06,13055.83,13080.33,12957.59,12959.14
2019-12-09,12952.47,13036.06,12858.96,12906.28
2019-12-10,12959.38,13004.68,12791.41,12840.86
2019-12-11,12819.24,12826.05,12666.16,12743.03
2019-12-12,12729.76,12756.2,12638.03,12755.45
2019-12-13,12738.51,12835.64,12640.48,12662.22
2019-12-16,12683.28,12712.43,12668.78,12701.17
2019-12-17,12692.9,12739.32,12686.32,12701.69
2019-12-18,12651.25,12727.26,12631.54,12679.59
2019-12-19,12647.37,12669.58,12482.11,12577.8
2019-12-20,12546.36,12553.54,12504.55,12515.9
2019-12-23,12523.57,12612.22,12488.86,12612.06
2019-12-24,12610.68,12700.6,12528.67,12678.43
2019-12-25,12658.85,12703.89,12488.49,12568.34
2019-12-26,12584.71,12664.36,12580.41,12586.64
2019-12-27,12630.5,12787.09,12542.92,12682.86
2019-12-30,12688.48,12692.86,12469.62,12490.81
2019-12-31,12503.09,12563.65,12466.31,12561.58
2020-01-01,12560.91,12621.44,12480.5,12489.62
2020-01-02,12505.28,12577.54,12482.67,12563.62
2020-01-03,12533.23,12558.29,12474.65,12479.77
2020-01-06,12447.91,12489.25,12259.69,12275.07
2020-01-07,12278.26,12317.86,12064.92,12093.97
2020-01-08,12095.37,12138.25,12061.2,12105.71
2020-01-09,12134.54,12165.2,12083.04,12141.72
2020-01-10,12142.51,12181.64,12040.99,12044.62
2020-01-13,12019.93,12135.74,11972.08,12123.78
2020-01-14,12180.49,12196.77,11910.27,11941.08
2020-01-15,11940.78,11999.7,11849.11,11939.78
2020-01-16,11957.67,12031.78,11775.31,11810.03
2020-01-17,11770.89,11786.2,11699.54,11743.56
2020-01-20,11728.29,11783.59,11725.92,11754.89
2020-01-21,11735.39,11763.01,11634.6,11665.72
2020-01-22,11657.86,11664.29,11605.19,11629.41
2020-01-23,11639.32,11748.48,11572.62,11746.57
2020-01-24,11760.26,11781.46,11667.95,11688.74
2020-01-27,11675.7,11817.29,11646.61,11787.49
2020-01-28,11777.47,11827.31,11659.4,11668.35
2020-01-29,11696.32,11733.65,11291.73,11345.12
2020-01-30,11342.81,11513.15,11287.36,11467.74
2020-01-31,11477.37,11527.21,11396.81,11525.4
2020-02-03,11528.16,11701.36,11474.32,11662.29
2020-02-04,11662.51,11825.04,11631.05,11734.41
2020-02-05,11794.29,11884.46,11752.7,11853.63
2020-02-06,11886.92,11948.64,11860.59,11901.41
2020-02-07,11874.06,11886.23,11774.97,11839.79
2020-02-10,11816.13,11953.3,11764.57,11855.59
2020-02-11,11892.43,11987.34,11822.48,11844.27
2020-02-12,11849.64,11886.96,11465.93,11530.24
2020-02-13,11553.11,11634.94,11541.36,11626.62
2020-02-14,11612.16,11699.61,11498.13,11662.2
2020-02-17,11656.88,11765.1,11615.37,11697.78
2020-02-18,11662.16,11899.25,11633.24,11878.55
2020-02-19,11864.63,11881.18,11809.0,11821.48
2020-02-20,11817.81,11919.24,11702.59,11871.75
2020-02-21,11831.17,11889.37,11825.74,11830.72
2020-02-24,11863.57,11903.67,11860.66,11869.28
2020-02-25,11887.32,12129.68,11850.5,12110.59
2020-02-26,12130.23,12258.25,12099.06,12216.99
2020-02-27,12217.74,12331.58,12157.7,12185.69
2020-02-28,12193.85,12351.18,12069.64,12331.15
2020-03-02,12363.73,12372.1,12268.22,12290.03
2020-03-03,12278.4,12304.5,11973.31,12061.83
2020-03-04,12044.1,12124.41,11934.59,11953.65
2020-03-05,11932.86,12038.46,11731.85,11750.26
2020-03-06,11766.15,11778.83,11680.01,11717.34
2020-03-09,11721.27,11799.6,11706.75,11725.42
2020-03-10,11724.79,11988.22,11710.71,11918.79
2020-03-11,11930.95,12003.81,11921.56,11961.83
2020-03-12,11969.25,12000.9,11924.1,11943.25
2020-03-13,11962.74,12069.79,11930.44,12043.43
2020-03-16,12006.65,12030.83,11762.01,11800.5
2020-03-17,11791.04,11861.88,11709.65,11832.91
2020-03-18,11786.18,11961.3,11764.43,11925.56
2020-03-19,11932.45,11968.97,11711.14,11766.18
2020-03-20,11750.68,11922.18,11733.63,11900.16
2020-03-23,11879.49,11973.36,11844.61,11944.45
2020-03-24,11953.07,11999.36,11886.62,11903.81
2020-03-25,11865.45,12082.71,11847.64,11981.38
2020-03-26,11993.71,12266.0,11940.3,12247.54
2020-03-27,12220.77,12304.88,12119.11,12274.94
2020-03-30,12291.56,12363.27,12277.95,12310.11
2020-03-31,12343.53,12384.15,11897.79,11956.35
2020-04-01,11983.15,12034.78,11954.47,12009.59
2020-04-02,11968.16,12085.27,11901.49,12052.15
2020-04-03,12042.87,12213.94,11945.87,12123.35
2020-04-06,12136.99,12174.1,12058.06,12105.54
2020-04-07,12112.42,12124.9,12035.56,12075.24
2020-04-08,12071.14,12209.11,12054.4,12136.27
2020-04-09,12159.91,12217.27,12067.14,12180.88
2020-04-10,12145.89,12320.04,12114.0,12307.23
2020-04-13,12302.8,12370.29,12206.13,12254.38
2020-04-14,12243.32,12275.38,12224.92,12229.48
2020-04-15,12233.77,12281.0,12119.68,12123.15
2020-04-16,12150.59,12228.82,12044.9,12078.59
2020-04-17,12034.73,12154.04,11975.74,12127.99
2020-04-20,12123.54,12270.51,12076.2,12221.35
2020-04-21,12214.09,12228.79,12077.36,12121.57
2020-04-22,12105.36,12249.17,12090.57,12227.89
2020-04-23,12209.68,12408.3,12193.24,12391.92
2020-04-24,12414.6,12459.39,12354.81,12446.85
2020-04-27,12471.74,12721.63,12458.72,12676.09
2020-04-28,12675.46,12683.5,12565.71,12590.24
2020-04-29,12605.85,12786.47,12392.86,12449.45
2020-04-30,12426.73,12447.01,12230.88,12248.28
2020-05-01,12279.51,12289.22,11787.29,11826.51
2020-05-04,11788.55,11895.41,11696.21,11878.83
2020-05-05,11863.9,11960.79,11831.16,11946.8
2020-05-06,11947.8,12010.68,11932.14,11999.35
2020-05-07,11941.17,12039.96,11910.48,11977.93
2020-05-08,11997.2,12085.44,11929.67,11968.67
2020-05-11,11994.33,12028.78,11984.13,11989.48
2020-05-12,12024.05,12041.44,11983.83,12008.07
2020-05-13,12004.3,12186.63,11982.87,12096.94
2020-05-14,12097.4,12183.82,12071.33,12158.32
2020-05-15,12174.36,12242.69,12140.93,12190.36
2020-05-18,12186.67,12187.88,12063.06,12105.89
2020-05-19,12096.2,12216.34,12044.03,12166.21
2020-05-20,12175.39,12408.5,12112.09,12390.89
2020-05-21,12444.85,12612.39,12390.48,12555.9
2020-05-22,12518.82,12776.21,12506.28,12752.93
2020-05-25,12736.88,12746.91,12694.86,12698.02
2020-05-26,12677.39,12720.88,12507.09,12586.33
2020-05-27,12594.02,12657.18,12577.66,12577.86
2020-05-28,12592.77,12603.25,12554.56,12590.98
2020-05-29,12613.87,12749.17,12546.55,12728.4
2020-06-01,12721.18,12751.04,12499.12,12532.93
2020-06-02,12554.94,12761.14,12523.09,12721.94
2020-06-03,12695.33,12744.28,12692.62,12709.52
2020-06-04,12684.61,12704.72,12509.3,12664.89
2020-06-05,12684.59,12693.26,12430.02,12550.82
2020-06-08,12514.25,12535.35,12297.48,12362.46
2020-06-09,12382.08,12486.3,12364.27,12465.42
2020-06-10,12400.5,12506.73,12365.89,12480.5
2020-06-11,12456.69,12477.37,12280.09,12335.66
2020-06-12,12340.97,12378.81,12158.73,12191.91
2020-06-15,12188.55,12286.02,12104.12,12159.56
2020-06-16,12157.09,12383.06,12092.03,12359.22
2020-06-17,12384.13,12454.0,12281.73,12335.3
2020-06-18,12331.5,12373.96,12071.29,12167.62
2020-06-19,12161.07,12161.67,12068.54,12145.66
2020-06-22,12168.91,12197.28,12101.77,12120.65
2020-06-23,12140.68,12144.85,11794.01,11821.78
2020-06-24,11809.19,11840.04,11789.69,11821.81
2020-06-25,11814.88,11938.66,11741.21,11802.13
2020-06-26,11816.76,11987.47,11760.78,11886.16
2020-06-29,11910.79,12103.87,11882.3,12101.88
2020-06-30,12114.68,12243.43,12048.11,12237.71
2020-07-01,12261.38,12330.4,12153.91,12212.95
2020-07-02,12178.48,12185.15,12061.87,12092.16
2020-07-03,12095.67,12456.09,11987.02,12396.19
2020-07-06,12435.39,12455.62,12384.13,12409.53
2020-07-07,12424.89,12461.43,12414.49,12417.57
2020-07-08,12424.91,12439.27,12389.83,12421.14
2020-07-09,12377.47,12511.55,12372.31,12450.83
2020-07-10,12431.24,12479.32,12341.77,12440.28
2020-07-13,12461.65,12474.21,12346.13,12379.41
2020-07-14,12369.01,12374.48,12300.2,12321.96
2020-07-15,12311.67,12358.29,12251.4,12324.51
2020-07-16,12339.64,12450.93,12234.92,12267.71
2020-07-17,12248.54,12278.97,12149.59,12191.64
2020-07-20,12192.11,12278.08,12173.42,12210.21
2020-07-21,12223.44,12234.18,12155.68,12187.11
2020-07-22,12195.18,12447.98,12172.68,12367.92
2020-07-23,12400.1,12428.75,12067.78,12068.19
2020-07-24,12067.5,12205.38,12046.23,12199.59
2020-07-27,12177.17,12382.43,12097.88,12350.45
2020-07-28,12317.46,12422.68,12092.36,12117.09
2020-07-29,12134.77,12217.2,11972.28,12084.15
2020-07-30,12111.37,12142.81,11968.97,12048.02
2020-07-31,12019.55,12089.33,11859.8,11894.98
2020-08-03,11920.08,11921.79,11528.46,11564.11
2020-08-04,11565.24,11663.82,11420.88,11578.63
2020-08-05,11583.49,11620.63,11565.04,11608.39
2020-08-06,11602.53,11797.23,11591.84,11702.77
2020-08-07,11692.3,11831.15,11672.26,11815.21
2020-08-10,11817.41,12002.18,11817.0,11944.01
2020-08-11,11932.6,11986.18,11729.92,11823.36
2020-08-12,11797.73,11798.06,11733.18,11770.98
2020-08-13,11777.97,11891.95,11738.38,11831.64
2020-08-14,11879.82,11919.71,11644.86,11701.82
2020-08-17,11692.89,11858.0,11590.53,11787.01
2020-08-18,11781.5,11853.14,11721.72,11766.34
2020-08-19,11771.62,11795.25,11714.84,11730.79
2020-08-20,11710.04,11870.8,11695.06,11815.96
2020-08-21,11781.84,11904.4,11758.93,11871.78
2020-08-24,11864.06,11940.93,11808.2,11837.47
2020-08-25,11833.47,12010.85,11829.83,11974.03
2020-08-26,11940.88,11949.65,11838.8,11858.45
2020-08-27,11878.78,11941.04,11874.29,11933.83
2020-08-28,11908.81,12018.13,11862.6,12007.09
2020-08-31,11988.44,11990.0,11933.33,11978.2
2020-09-01,11949.83,12025.45,11941.53,12021.36
2020-09-02,12069.3,12091.29,11883.83,11886.22
2020-09-03,11856.5,12026.02,11837.62,11996.64
2020-09-04,12032.35,12085.85,11965.03,11981.88
2020-09-07,11970.61,11980.41,11923.7,11928.99
2020-09-08,11951.74,12093.88,11937.57,12054.04
2020-09-09,12018.79,12082.9,11952.38,11980.26
2020-09-10,11972.61,11998.6,11824.43,11827.98
2020-09-11,11859.17,11950.71,11642.76,11661.29
2020-09-14,11698.58,11760.74,11615.63,11734.31
2020-09-15,11705.63,11755.84,11552.21,11599.17
2020-09-16,11560.16,11813.14,11555.23,11799.19
2020-09-17,11760.97,11773.89,11534.88,11575.31
2020-09-18,11566.26,11779.82,11554.72,11768.43
2020-09-21,11768.14,11831.28,11737.13,11798.0
2020-09-22,11760.55,11793.71,11695.38,11793.31
2020-09-23,11782.75,11817.03,11704.73,11738.79
2020-09-24,11742.63,11824.38,11740.82,11789.23
2020-09-25,11732.92,11788.29,11422.16,11517.53
2020-09-28,11547.11,11797.22,11526.27,11632.56
2020-09-29,11621.7,11746.88,11615.99,11696.16
2020-09-30,11692.67,11740.87,11690.03,11717.03
2020-10-01,11690.76,11717.73,11575.58,11609.85
2020-10-02,11570.0,11699.8,11560.23,11635.96
2020-10-05,11669.09,11700.88,11633.74,11675.87
2020-10-06,11648.28,11649.71,11440.42,11494.64
2020-10-07,11540.68,11553.85,11348.63,11354.99
2020-10-08,11342.65,11458.15,11314.1,11440.92
2020-10-09,11433.71,11472.76,11432.56,11465.32
2020-10-12,11451.77,11455.21,11358.81,11451.31
2020-10-13,11463.88,11571.72,11433.91,11459.21
2020-10-14,11467.78,11542.03,11409.06,11502.85
2020-10-15,11496.76,11579.69,11437.99,11450.23
2020-10-16,11453.18,11469.01,11366.12,11372.2
2020-10-19,11375.47,11415.64,11360.91,11399.14
2020-10-20,11394.18,11411.69,11287.19,11300.07
2020-10-21,11314.58,11378.09,11311.28,11349.6
2020-10-22,11312.74,11329.48,11148.87,11174.23
2020-10-23,11151.13,11303.71,11043.86,11289.25
2020-10-26,11258.36,11395.84,11253.78,11345.63
2020-10-27,11353.2,11381.53,11335.82,11378.98
2020-10-28,11370.35,11523.97,11360.67,11491.06
2020-10-29,11483.38,11739.77,11393.81,11679.35
2020-10-30,11650.25,11674.6,11148.32,11287.84
2020-11-02,11294.16,11305.54,11291.64,11300.32
2020-11-03,11311.4,11388.98,11255.08,11354.69
2020-11-04,11354.09,11457.16,11315.11,11324.59
2020-11-05,11304.14,11455.12,11229.25,11439.6
2020-11-06,11427.88,11597.72,11396.97,11553.05
2020-11-09,11509.04,11520.89,11453.08,11480.02
2020-11-10,11475.75,11539.82,11385.12,11506.23
2020-11-11,11470.37,11600.38,11412.43,11430.29
2020-11-12,11434.48,11460.77,11342.25,11370.29
2020-11-13,11352.45,11379.75,11162.6,11225.95
2020-11-16,11234.13,11332.29,11122.01,11134.19
2020-11-17,11153.1,11209.96,10968.7,10998.56
2020-11-18,10999.69,11070.02,10865.93,10903.23
2020-11-19,10964.63,11123.37,10950.18,11018.01
2020-11-20,10980.58,11061.88,10913.8,10925.24
2020-11-23,10921.49,11226.05,10921.28,11206.18
2020-11-24,11192.87,11320.97,11185.33,11264.35
2020-11-25,11272.88,11321.26,11186.63,11289.86
2020-11-26,11240.78,11243.82,11151.03,11204.44
2020-11-27,11201.65,11390.19,11143.8,11284.65
2020-11-30,11292.06,11305.26,11199.02,11229.23
2020-12-01,11211.69,11259.67,11169.27,11247.98
2020-12-02,11253.83,11531.79,11216.88,11529.34
2020-12-03,11565.27,11644.17,11518.29,11524.82
2020-12-04,11505.39,11742.19,11477.85,11656.67
2020-12-07,11641.53,11654.56,11499.2,11585.45
2020-12-08,11563.53,11669.38,11550.07,11587.6
2020-12-09,11594.87,11820.61,11563.67,11789.2
2020-12-10,11830.95,11912.26,11669.2,11725.61
2020-12-11,11741.14,11987.09,11672.73,11934.31
2020-12-14,11978.84,12098.48,11962.01,12020.59
2020-12-15,12019.16,12082.1,11873.61,11963.04
2020-12-16,11972.98,12083.83,11942.92,12040.95
2020-12-17,12019.11,12234.85,11975.8,12158.39
2020-12-18,12098.52,12274.95,12085.87,12236.34
2020-12-21,12262.83,12324.56,12002.59,12062.35
2020-12-22,12085.52,12152.01,11977.36,11985.94
2020-12-23,11982.14,11992.56,11928.22,11964.11
2020-12-24,11941.93,11977.89,11899.13,11961.87
2020-12-25,11929.33,12097.56,11906.04,12038.44
2020-12-28,12080.99,12118.88,12003.69,12064.89
2020-12-29,12067.21,12116.24,11841.01,11919.76
2020-12-30,11909.1,12015.82,11896.0,11968.83
2020-12-31,11935.54,12067.53,11928.72,12044.3
2021-01-01,12003.61,12037.85,11580.44,11591.05
2021-01-04,11558.81,11674.6,11507.92,11607.4
2021-01-05,11598.56,11668.38,11525.62,11613.08
2021-01-06,11636.83,11661.66,11442.75,11558.23
2021-01-07,11565.46,11718.48,11563.83,11621.25
2021-01-08,11575.0,11689.2,11566.5,11657.73
2021-01-11,11632.13,11831.3,11627.58,11711.19
2021-01-12,11692.81,11823.5,11688.08,11740.25
2021-01-13,11751.28,11756.87,11417.18,11421.46
2021-01-14,11383.72,11452.86,11334.15,11405.41
2021-01-15,11410.19,11428.37,11311.79,11333.83
2021-01-18,11345.3,11547.39,11337.9,11456.16
2021-01-19,11431.82,11580.72,11404.04,11575.36
2021-01-20,11598.41,11673.34,11549.13,11560.86
2021-01-21,11540.11,11596.14,11501.07,11569.92
2021-01-22,11587.19,11618.62,11571.83,11579.14
2021-01-25,11566.73,11823.49,11553.85,11688.29
2021-01-26,11668.66,11730.38,11574.25,11637.44
2021-01-27,11679.14,11776.68,11621.03,11654.02
2021-01-28,11645.87,11655.31,11595.65,11609.21
2021-01-29,11599.84,11657.37,11567.58,11567.61
2021-02-01,11590.09,11621.45,11489.11,11539.82
2021-02-02,11500.19,11627.27,11480.56,11570.04
2021-02-03,11573.14,11603.16,11491.35,11523.76
2021-02-04,11511.6,11679.32,11506.18,11667.33
2021-02-05,11707.8,11753.47,11472.84,11575.09
2021-02-08,11561.33,11623.3,11550.6,11560.63
2021-02-09,11635.54,11677.21,11490.85,11518.63
2021-02-10,11536.95,11719.2,11521.91,11683.23
2021-02-11,11683.29,11795.73,11678.21,11710.99
2021-02-12,11702.13,11886.96,11695.57,11831.83
2021-02-15,11838.76,11895.67,11651.77,11672.93
2021-02-16,11678.37,11755.92,11621.74,11708.46
2021-02-17,11710.66,11862.36,11671.76,11813.39
2021-02-18,11855.02,11862.87,11746.06,11828.68
2021-02-19,11840.47,11990.58,11796.01,11954.53
2021-02-22,11925.29,11939.93,11843.49,11902.38
2021-02-23,11895.6,12099.07,11846.81,12068.17
2021-02-24,12081.67,12413.51,12026.42,12339.55
2021-02-25,12323.16,12373.79,12233.03,12303.67
2021-02-26,12289.41,12383.18,12231.41,12258.3
2021-03-01,12285.26,12443.61,12227.39,12434.22
2021-03-02,12439.85,12634.68,12342.49,12627.72
2021-03-03,12647.69,12663.15,12526.45,12571.97
2021-03-04,12568.59,12572.38,12082.06,12162.77
2021-03-05,12122.98,12190.1,12117.61,12143.09
2021-03-08,12136.01,12218.86,12128.55,12191.9
2021-03-09,12190.84,12342.05,12156.57,12321.61
2021-03-10,12274.66,12571.29,12249.5,12535.0
2021-03-11,12538.79,12727.83,12507.9,12628.66
2021-03-12,12602.81,12667.14,12595.08,12631.04
2021-03-15,12645.91,12702.46,12604.04,12665.56
2021-03-16,12690.11,12873.46,12585.89,12859.12
2021-03-17,12849.99,12855.61,12678.89,12744.95
2021-03-18,12759.39,12986.05,12759.1,12870.68
2021-03-19,12892.87,12962.16,12812.72,12851.31
2021-03-22,12861.34,12922.25,12816.37,12851.94
2021-03-23,12877.54,12949.08,12786.57,12940.82
2021-03-24,13012.93,13093.0,12786.25,12810.87
2021-03-25,12870.34,12901.41,12817.16,12863.88
2021-03-26,12862.87,12930.05,12820.37,12890.78
2021-03-29,12861.76,13014.26,12844.21,12957.58
2021-03-30,12971.43,13034.19,12964.1,12999.74
2021-03-31,12978.05,13404.22,12922.39,13311.73
2021-04-01,13346.4,13385.85,13170.78,13238.58
2021-04-02,13226.81,13234.36,13176.22,13179.12
2021-04-05,13166.56,13178.43,13025.71,13108.51
2021-04-06,13074.51,13108.88,13006.65,13046.62
2021-04-07,13044.15,13051.22,12934.88,12974.97
2021-04-08,12975.84,13144.24,12955.16,13128.34
2021-04-09,13134.78,13350.06,13128.35,13312.6
2021-04-12,13356.44,13492.23,13210.41,13247.83
2021-04-13,13253.87,13286.99,13092.91,13150.83
2021-04-14,13155.57,13255.02,13128.73,13216.36
2021-04-15,13197.16,13215.36,13055.86,13154.36
2021-04-16,13123.49,13258.89,13077.88,13240.09
2021-04-19,13268.26,13322.99,13244.21,13272.35
2021-04-20,13252.13,13272.56,13010.0,13090.36
2021-04-21,13078.5,13335.02,13032.29,13290.04
2021-04-22,13302.33,13591.14,13291.51,13524.46
2021-04-23,13503.57,13554.9,13384.89,13453.32
2021-04-26,13414.53,13458.89,13366.87,13411.04
2021-04-27,13404.25,13405.98,12884.49,12978.8
2021-04-28,12952.74,12995.99,12858.06,12918.59
2021-04-29,12886.54,13018.29,12885.42,13016.81
2021-04-30,12943.07,13059.22,12832.32,12998.93
2021-05-03,12995.13,13109.92,12880.3,13040.67
2021-05-04,13031.2,13148.74,12963.93,13073.81
2021-05-05,13096.43,13122.04,12879.37,12911.17
2021-05-06,12892.65,12910.42,12812.71,12828.93
2021-05-07,12814.4,12854.09,12781.53,12831.53
2021-05-10,12793.48,13077.34,12707.72,13057.7
2021-05-11,13060.53,13161.85,12954.41,13000.7
2021-05-12,12966.51,13127.36,12947.66,13034.94
2021-05-13,13079.55,13116.76,12939.38,13039.64
2021-05-14,13004.62,13214.58,12888.18,13193.7
2021-05-17,13168.92,13569.83,13088.46,13519.49
2021-05-18,13524.76,13581.73,13419.64,13458.79
2021-05-19,13456.05,13526.86,13395.83,13403.6
2021-05-20,13433.7,13564.46,13377.84,13543.48
2021-05-21,13543.04,13691.6,13506.78,13638.06
2021-05-24,13636.96,13990.36,13539.0,13885.29
2021-05-25,13841.32,13997.84,13820.44,13969.32
2021-05-26,13928.1,13986.13,13857.69,13929.16
2021-05-27,13890.98,14019.29,13836.87,14014.35
2021-05-28,14071.94,14202.26,13983.02,14169.24
2021-05-31,14134.9,14410.32,14029.65,14286.89
2021-06-01,14272.49,14395.16,14180.85,14362.94
2021-06-02,14336.31,14578.98,14318.52,14515.93
2021-06-03,14557.2,14685.76,14530.24,14684.78
2021-06-04,14600.06,14913.29,14553.93,14885.5
2021-06-07,14834.88,14988.76,14823.43,14984.75
2021-06-08,15013.66,15057.18,14916.41,14968.82
2021-06-09,14955.16,15074.38,14892.71,14997.33
2021-06-10,14996.69,15239.02,14854.59,15177.11
2021-06-11,15201.14,15269.16,14961.67,15068.17
2021-06-14,15036.1,15180.16,15002.27,15128.56
2021-06-15,15148.5,15175.54,15057.81,15080.21
2021-06-16,15095.15,15118.89,15067.67,15092.09
2021-06-17,15107.34,15369.37,15033.29,15283.4
2021-06-18,15257.72,15320.59,15193.26,15318.92
2021-06-21,15263.67,15400.6,15127.59,15333.55
2021-06-22,15321.21,15367.72,15129.44,15145.59
2021-06-23,15133.86,15327.63,15113.05,15260.64
2021-06-24,15230.47,15378.27,15221.89,15361.93
2021-06-25,15366.57,15727.44,15241.48,15687.26
2021-06-28,15698.5,15716.0,15633.23,15649.77
2021-06-29,15625.53,15714.55,15476.03,15690.31
2021-06-30,15666.23,15740.33,15637.64,15735.44
2021-07-01,15702.72,15729.17,15330.98,15333.22
2021-07-02,15361.16,15457.07,15305.81,15407.12
2021-07-05,15378.83,15418.25,15329.7,15370.6
2021-07-06,15339.21,15436.0,15249.87,15416.35
2021-07-07,15437.0,15543.07,15348.67,15501.83
2021-07-08,15494.74,15567.32,15433.52,15539.26
2021-07-09,15515.83,15632.26,15470.97,15575.82
2021-07-12,15564.94,15797.58,15522.61,15742.76
2021-07-13,15770.49,15776.57,15579.7,15598.84
2021-07-14,15581.66,15665.04,15563.86,15626.51
2021-07-15,15630.45,15679.09,15450.62,15531.48
2021-07-16,15510.01,15770.1,15443.02,15715.97
2021-07-19,15781.15,15830.79,15456.57,15499.39
2021-07-20,15465.68,15475.09,15330.32,15425.7
2021-07-21,15400.47,15625.33,15400.15,15488.77
2021-07-22,15518.99,15753.05,15490.62,15727.7
2021-07-23,15682.85,15712.51,15085.12,15157.64
2021-07-26,15147.2,15155.61,14977.2,15070.48
2021-07-27,15054.28,15203.32,14977.04,15135.33
2021-07-28,15157.04,15167.82,15120.21,15134.5
2021-07-29,15126.02,15238.86,15101.7,15208.99
2021-07-30,15237.27,15263.6,15041.79,15151.33
2021-08-02,15160.41,15195.36,15076.55,15135.48
2021-08-03,15154.36,15291.32,15091.66,15190.81
2021-08-04,15187.3,15397.64,15060.31,15300.72
2021-08-05,15325.88,15344.74,15304.87,15343.92
2021-08-06,15325.52,15445.92,15164.39,15270.23
2021-08-09,15328.29,15424.77,15059.63,15094.39
2021-08-10,15121.8,15258.04,15084.04,15227.2
2021-08-11,15183.8,15439.82,15111.97,15328.95
2021-08-12,15268.26,15331.57,15245.81,15322.49
2021-08-13,15308.39,15619.87,15266.9,15600.24
2021-08-16,15612.59,15621.41,15321.56,15451.27
2021-08-17,15408.46,15410.26,15211.71,15238.0
2021-08-18,15230.18,15311.64,15070.35,15146.51
2021-08-19,15156.72,15233.52,15121.22,15147.8
2021-08-20,15199.35,15201.56,15190.37,15190.5
2021-08-23,15238.14,15297.29,15058.95,15163.74
2021-08-24,15193.24,15278.39,15152.63,15222.12
2021-08-25,15206.14,15317.66,15035.24,15050.92
2021-08-26,15024.46,15283.64,14946.88,15265.53
2021-08-27,15293.71,15338.84,15218.47,15261.56
2021-08-30,15272.53,15436.61,15181.98,15431.49
2021-08-31,15399.63,15498.97,15360.16,15489.54
2021-09-01,15490.92,15597.76,15450.54,15564.56
2021-09-02,15553.22,15717.16,15468.78,15656.66
2021-09-03,15672.11,15739.83,15657.5,15731.14
2021-09-06,15748.39,15849.57,15644.51,15835.14
2021-09-07,15853.27,16098.77,15763.41,16043.55
2021-09-08,15990.01,16095.56,15925.0,16081.66
2021-09-09,16006.84,16221.34,15975.43,16198.11
2021-09-10,16193.26,16233.99,16074.25,16192.74
2021-09-13,16209.49,16455.88,16205.37,16423.06
2021-09-14,16469.53,16532.55,16235.67,16326.85
2021-09-15,16295.04,16667.6,16266.38,16615.64
2021-09-16,16595.85,16620.16,16547.01,16617.9
2021-09-17,16647.9,16669.67,16295.95,16403.21
2021-09-20,16369.08,16465.71,16287.56,16431.55
2021-09-21,16469.04,16546.75,16294.25,16334.57
2021-09-22,16279.63,16516.64,16270.56,16473.34
2021-09-23,16523.17,16597.96,16343.55,16380.51
2021-09-24,16368.37,16378.36,16297.43,16320.01
2021-09-27,16309.35,16331.73,15906.6,16039.48
2021-09-28,16071.35,16255.28,15960.26,15979.32
2021-09-29,15943.02,16009.0,15587.23,15625.56
2021-09-30,15637.6,15655.38,15354.97,15401.38
2021-10-01,15337.81,15567.26,15323.22,15520.45
2021-10-04,15489.53,15733.88,15482.01,15644.18
2021-10-05,15688.22,15729.65,15634.71,15715.31
2021-10-06,15721.32,15835.83,15553.53,15580.41
2021-10-07,15597.22,15673.5,15551.97,15581.42
2021-10-08,15557.08,15697.71,15499.73,15588.93
2021-10-11,15554.49,15595.51,15377.92,15427.19
2021-10-12,15432.6,15735.43,15322.32,15655.98
2021-10-13,15642.95,15832.59,15639.86,15794.46
2021-10-14,15801.05,15836.96,15725.75,15769.65
2021-10-15,15810.82,15910.71,15716.23,15781.8
2021-10-18,15822.59,15859.93,15660.29,15821.06
2021-10-19,15823.22,15930.85,15411.4,15526.76
2021-10-20,15482.87,15554.05,15375.09,15498.54
2021-10-21,15492.42,15564.75,15376.04,15406.93
2021-10-22,15407.27,15434.95,15257.32,15269.67
2021-10-25,15287.3,15327.72,15214.37,15237.03
2021-10-26,15269.89,15519.86,15265.73,15506.06
2021-10-27,15521.06,15642.71,15466.52,15608.29
2021-10-28,15576.62,15609.58,15501.73,15532.29
2021-10-29,15504.21,15737.01,15302.37,15624.61
2021-11-01,15661.97,15939.21,15563.83,15840.75
2021-11-02,15864.17,16013.95,15825.06,15988.0
2021-11-03,16001.6,16075.8,16000.64,16005.27
2021-11-04,15973.9,16015.7,15870.4,15915.93
2021-11-05,15912.86,16038.52,15905.12,16029.56
2021-11-08,16082.86,16113.08,16004.5,16097.57
2021-11-09,16113.02,16334.84,16091.21,16242.69
2021-11-10,16265.3,16352.77,16070.81,16348.9
2021-11-11,16313.26,16558.85,16279.57,16520.36
2021-11-12,16477.58,16492.1,16412.4,16445.5
2021-11-15,16444.36,16708.66,16405.39,16660.09
2021-11-16,16658.92,16733.96,16589.45,16699.84
2021-11-17,16715.31,17133.49,16700.54,17039.33
2021-11-18,17000.11,17065.7,16893.3,16937.47
2021-11-19,16938.99,17252.28,16911.28,17226.47
2021-11-22,17213.89,17302.38,17141.76,17267.62
2021-11-23,17169.1,17191.72,17062.99,17170.52
2021-11-24,17188.28,17275.38,16961.86,17101.01
2021-11-25,17058.52,17093.6,16952.31,17058.12
2021-11-26,17019.18,17162.04,16991.85,17135.46
2021-11-29,17085.68,17265.17,16902.82,17229.21
2021-11-30,17246.17,17314.82,17114.21,17144.91
2021-12-01,17167.26,17197.97,17149.26,17149.81
2021-12-02,17183.05,17628.61,17169.0,17509.53
2021-12-03,17481.86,17872.27,17433.82,17806.88
2021-12-06,17832.64,18007.42,17752.3,17889.68
2021-12-07,17884.04,17905.43,17841.05,17905.34
2021-12-08,17910.21,17985.49,17750.43,17934.9
2021-12-09,18002.37,18052.89,17885.54,18048.49
2021-12-10,18015.5,18168.95,17806.13,17884.12
2021-12-13,17879.03,17987.36,17363.0,17391.57
2021-12-14,17399.67,17551.24,17342.28,17471.91
2021-12-15,17445.81,17730.03,17421.28,17680.09
2021-12-16,17670.33,17779.35,17622.88,17755.27
2021-12-17,17760.07,17782.4,17619.91,17733.09
2021-12-20,17734.31,17781.76,17622.25,17773.46
2021-12-21,17752.44,17961.37,17671.74,17918.58
2021-12-22,17874.06,17897.29,17637.41,17681.46
2021-12-23,17745.48,17792.25,17651.22,17728.15
2021-12-24,17740.44,17962.75,17694.19,17913.66
2021-12-27,17910.59,18237.83,17842.82,18210.37
2021-12-28,18227.36,18236.14,18124.15,18140.93
2021-12-29,18137.85,18356.57,18102.68,18336.24
2021-12-30,18321.35,18455.57,18184.01,18339.03
2021-12-31,18345.79,18378.61,18191.89,18318.58
2022-01-03,18322.49,18488.65,18285.87,18481.71
2022-01-04,18490.84,18703.45,18395.82,18605.58
2022-01-05,18610.93,18617.24,18328.38,18339.95
2022-01-06,18351.29,18627.19,18338.47,18607.22
2022-01-07,18548.66,18867.33,18513.28,18861.19
2022-01-10,18842.71,18849.91,18676.3,18759.7
2022-01-11,18712.79,18855.6,18658.18,18839.71
2022-01-12,18772.76,19021.85,18700.2,18937.63
2022-01-13,18966.97,19007.74,18900.84,18994.13
2022-01-14,18971.8,19071.37,18834.58,18905.37
2022-01-17,18863.09,18950.89,18789.4,18795.46
2022-01-18,18825.52,18837.82,18711.45,18800.62
2022-01-19,18757.02,19039.36,18665.75,19019.93
2022-01-20,18928.91,19131.26,18899.11,19127.74
2022-01-21,19153.93,19235.9,19015.0,19070.71
2022-01-24,19079.9,19223.31,19053.74,19220.19
2022-01-25,19228.26,19340.53,18657.22,18719.41
2022-01-26,18704.35,18939.19,18629.47,18933.48
2022-01-27,18941.93,19016.45,18557.31,18634.39
2022-01-28,18656.45,18735.85,18456.81,18580.26
2022-01-31,18632.75,18637.48,18292.54,18394.21
2022-02-01,18336.8,18355.45,18128.9,18179.93
2022-02-02,18117.49,18506.1,18083.43,18389.92
2022-02-03,18397.09,18500.53,18282.8,18318.28
2022-02-04,18304.3,18415.78,18283.03,18387.83
2022-02-07,18415.03,18417.97,18312.95,18389.17
2022-02-08,18419.49,18487.89,18410.71,18481.78
2022-02-09,18515.78,18568.62,18393.22,18504.74
2022-02-10,18448.77,18507.54,18242.93,18291.19
2022-02-11,18275.73,18488.84,18239.52,18473.73
2022-02-14,18455.72,18531.42,17867.76,17874.33
2022-02-15,17868.07,17986.75,17847.51,17957.11
2022-02-16,17950.03,18180.12,17873.16,18071.25
2022-02-17,18068.17,18291.12,17952.5,18285.29
2022-02-18,18318.51,18372.98,18318.34,18340.23
2022-02-21,18339.8,18357.41,18309.65,18339.5
2022-02-22,18402.28,18584.33,17915.43,17936.26
2022-02-23,17859.01,18198.49,17729.61,18129.47
2022-02-24,18155.53,18258.75,18143.42,18227.69
2022-02-25,18184.34,18409.29,18124.47,18286.57
2022-02-28,18313.24,18408.52,18243.66,18259.38
2022-03-01,18295.65,18462.62,18268.68,18444.2
2022-03-02,18444.59,18594.24,18332.15,18495.4
2022-03-03,18521.82,18553.11,18407.54,18459.71
2022-03-04,18500.99,18589.7,18315.47,18435.0
2022-03-07,18409.27,18471.67,18368.55,18432.04
2022-03-08,18514.96,18582.18,18348.92,18435.06
2022-03-09,18448.79,18693.68,18408.36,18571.83
2022-03-10,18581.58,18717.27,18427.43,18590.53
2022-03-11,18525.05,18748.75,18489.13,18729.34
2022-03-14,18706.12,18768.58,18599.56,18724.72
2022-03-15,18707.62,18884.82,18618.75,18748.3
2022-03-16,18811.76,18986.79,18372.59,18407.13
2022-03-17,18392.25,18589.74,18318.57,18576.78
2022-03-18,18559.46,18653.9,18338.3,18647.31
2022-03-21,18643.16,18966.77,18605.73,18833.71
2022-03-22,18812.85,18867.09,18334.2,18334.73
2022-03-23,18293.42,18774.43,18262.47,18709.78
2022-03-24,18720.76,18857.49,18658.49,18694.76
2022-03-25,18712.01,19024.37,18632.65,18901.29
2022-03-28,18836.21,18896.36,18188.24,18194.13
2022-03-29,18189.74,18211.59,18024.97,18119.28
2022-03-30,18074.04,18243.39,18073.18,18182.55
2022-03-31,18171.36,18214.14,18164.0,18181.9
2022-04-01,18153.06,18331.76,18072.76,18126.47
2022-04-04,18131.08,18318.92,18061.98,18281.36
2022-04-05,18252.56,18392.32,18128.93,18328.41
2022-04-06,18329.54,18545.71,18329.12,18489.25
2022-04-07,18520.69,18631.83,18448.52,18585.64
2022-04-08,18539.19,18692.38,18525.91,18621.68
2022-04-11,18625.0,18786.1,18572.64,18695.65
2022-04-12,18708.78,19286.81,18705.37,19134.96
2022-04-13,19104.93,19188.83,19029.2,19134.41
2022-04-14,19122.85,19231.87,19003.81,19180.7
2022-04-15,19157.56,19474.67,19093.75,19382.06
2022-04-18,19360.55,19663.22,19295.08,19595.7
2022-04-19,19509.56,19896.95,19505.85,19826.96
2022-04-20,19835.29,20092.33,19712.69,19957.27
2022-04-21,19893.38,20045.21,19751.1,19753.08
2022-04-22,19726.48,20166.37,19725.21,20070.67
2022-04-25,20079.93,20147.32,19815.1,19864.68
2022-04-26,19834.41,19964.66,19791.45,19931.85
2022-04-27,19888.88,19939.85,19768.88,19800.51
2022-04-28,19800.24,19822.1,19636.99,19798.72
2022-04-29,19821.38,19917.94,19800.24,19870.57
2022-05-02,19831.63,19983.42,19775.28,19941.29
2022-05-03,19956.93,20163.59,19909.63,20031.28
2022-05-04,20026.58,20409.25,19968.59,20349.55
2022-05-05,20312.87,20480.75,20277.88,20447.49
2022-05-06,20480.47,20545.74,20255.37,20410.9
2022-05-09,20390.67,20884.27,20357.28,20608.32
2022-05-10,20617.82,20911.6,20592.79,20852.0
2022-05-11,20831.31,20974.14,20536.89,20622.16
2022-05-12,20610.83,20839.23,20609.22,20749.6
2022-05-13,20815.54,20910.09,20804.32,20898.31
2022-05-16,20827.42,20874.32,20731.58,20850.38
2022-05-17,20839.95,21160.96,20747.78,21134.09
2022-05-18,21120.84,21230.0,21006.54,21115.04
2022-05-19,21143.66,21290.3,21058.42,21151.02
2022-05-20,21072.03,21181.29,21051.63,21127.35
2022-05-23,21170.03,21282.79,21055.2,21141.36
2022-05-24,21073.49,21143.1,20829.48,20934.29
2022-05-25,21001.19,21055.58,20604.92,20662.02
2022-05-26,20662.76,20986.84,20613.88,20986.51
2022-05-27,21018.83,21031.8,20471.36,20479.28
2022-05-30,20454.98,20560.47,20406.79,20525.19
2022-05-31,20534.63,20548.35,20472.7,20538.21
2022-06-01,20618.07,20657.63,20453.11,20455.59
2022-06-02,20447.94,20671.97,20424.15,20511.59
2022-06-03,20495.91,20524.1,20439.05,20514.39
2022-06-06,20518.97,20918.34,20494.37,20721.76
2022-06-07,20732.67,20792.21,20457.25,20598.08
2022-06-08,20677.96,21123.84,20623.88,21052.03
2022-06-09,21042.15,21292.48,20971.86,21259.2
2022-06-10,21211.32,21337.52,21170.15,21204.99
2022-06-13,21146.53,21188.79,20715.66,20720.74
2022-06-14,20761.99,21234.1,20669.53,21185.11
2022-06-15,21224.9,21315.85,20825.59,20919.55
2022-06-16,20907.68,20949.41,20584.42,20607.44
2022-06-17,20607.3,20641.51,19952.12,20019.36
2022-06-20,19989.28,20237.98,19976.45,20226.74
2022-06-21,20248.07,20262.11,20241.83,20257.87
2022-06-22,20281.89,20418.11,20163.52,20302.88
2022-06-23,20357.3,20505.96,20187.49,20434.81
2022-06-24,20452.7,20479.34,20257.23,20440.7
2022-06-27,20329.26,20616.06,20227.41,20598.43
2022-06-28,20638.82,20875.96,20629.94,20663.89
2022-06-29,20646.09,20722.41,20619.82,20694.92
2022-06-30,20762.04,20897.75,20688.72,20693.36
2022-07-01,20703.83,20754.48,20515.35,20557.06
2022-07-04,20600.07,20732.1,20455.97,20513.19
2022-07-05,20523.16,20543.11,20128.27,20198.07
2022-07-06,20182.37,20345.3,20101.35,20189.72
2022-07-07,20177.47,20193.56,19475.34,19509.33
2022-07-08,19523.1,19774.88,19395.83,19738.87
2022-07-11,19760.83,19911.73,19585.94,19646.41
2022-07-12,19690.36,19805.51,19664.49,19697.68
2022-07-13,19739.33,19862.08,19686.14,19826.47
2022-07-14,19716.02,20199.93,19713.65,20111.58
2022-07-15,20101.21,20180.33,19796.78,19934.67
2022-07-18,19954.04,20252.54,19830.06,20123.05
2022-07-19,20149.85,20160.49,19884.5,19947.39
2022-07-20,19870.44,19964.1,19800.87,19915.36
2022-07-21,19968.82,20123.73,19907.18,20029.47
2022-07-22,20081.18,20193.34,19836.63,19857.28
2022-07-25,19858.41,19932.61,19090.5,19204.26
2022-07-26,19146.19,19187.16,19019.43,19064.95
2022-07-27,19022.71,19448.4,19006.32,19303.64
2022-07-28,19254.82,19279.05,19118.55,19274.7
2022-07-29,19282.39,19454.56,19206.63,19300.37
2022-08-01,19250.92,19330.0,19233.57,19238.58
2022-08-02,19343.35,19471.95,19197.23,19244.93
2022-08-03,19217.99,19372.98,19121.29,19355.65
2022-08-04,19389.68,19410.06,19305.34,19406.65
2022-08-05,19413.45,19820.53,19328.3,19668.57
2022-08-08,19589.38,19849.38,19517.51,19702.01
2022-08-09,19666.4,19776.22,19618.92,19632.36
2022-08-10,19681.34,19726.05,19640.22,19665.2
2022-08-11,19683.85,19831.68,19647.24,19776.62
2022-08-12,19761.67,19819.57,19631.05,19795.96
2022-08-15,19792.64,19844.18,19746.71,19813.77
2022-08-16,19817.39,19923.32,19687.41,19692.93
2022-08-17,19670.79,19675.33,19523.35,19580.06
2022-08-18,19510.63,19566.45,19278.57,19332.25
2022-08-19,19348.14,19706.12,19340.3,19664.64
2022-08-22,19567.16,19696.45,19426.31,19444.9
2022-08-23,19425.4,19425.81,19291.68,19327.97
2022-08-24,19387.18,19565.07,19183.87,19207.12
2022-08-25,19238.92,19434.6,19178.34,19380.22
2022-08-26,19416.31,19463.22,19251.06,19336.25
2022-08-29,19257.57,19604.07,19197.67,19575.68
2022-08-30,19621.15,19643.72,19381.32,19461.53
2022-08-31,19415.27,19678.28,19413.55,19522.97
2022-09-01,19492.46,19502.13,19232.43,19379.47
2022-09-02,19364.37,19840.88,19272.47,19786.5
2022-09-05,19711.65,19761.99,19492.71,19575.8
2022-09-06,19548.42,19675.9,19489.11,19643.32
2022-09-07,19625.82,19816.38,19575.84,19771.51
2022-09-08,19779.48,19867.07,19581.09,19859.21
2022-09-09,19928.31,20086.24,19799.52,19834.7
2022-09-12,19930.96,19976.77,19655.09,19820.61
2022-09-13,19803.71,19857.62,19735.3,19839.05
2022-09-14,19835.47,19874.71,19696.86,19821.73
2022-09-15,19851.81,20024.74,19718.92,20013.41
2022-09-16,20048.5,20506.38,19889.71,20446.38
2022-09-19,20472.65,20490.15,20184.96,20349.45
2022-09-20,20293.39,20431.39,19958.27,20098.12
2022-09-21,20101.55,20243.89,20004.37,20091.73
2022-09-22,20026.48,20734.9,19864.12,20598.12
2022-09-23,20682.98,20775.71,20452.13,20452.84
2022-09-26,20400.29,20784.07,20266.52,20782.8
2022-09-27,20827.64,21194.12,20811.46,21125.79
2022-09-28,21179.11,21233.89,20992.44,21026.42
2022-09-29,21021.56,21177.61,20997.32,21150.67
2022-09-30,21127.77,21556.33,21043.52,21489.72
2022-10-03,21449.62,21465.76,21393.7,21423.92
2022-10-04,21397.32,21456.79,21368.8,21393.78
2022-10-05,21452.72,21453.66,21280.99,21287.49
2022-10-06,21247.69,21266.65,20994.79,21095.23
2022-10-07,21139.0,21220.85,20898.5,20977.03
2022-10-10,20995.35,21029.04,20726.21,20746.52
2022-10-11,20729.22,20736.16,20135.88,20153.26
2022-10-12,20178.78,20186.87,19912.76,20081.86
2022-10-13,20033.27,20178.63,20029.96,20117.91
2022-10-14,20118.0,20448.29,20035.97,20382.04
2022-10-17,20408.65,20605.47,20394.83,20536.99
2022-10-18,20523.65,20597.54,20488.06,20592.06
2022-10-19,20509.46,20581.08,20021.97,20218.19
2022-10-20,20237.61,20323.06,20224.56,20300.24
2022-10-21,20328.97,20568.93,20258.33,20547.7
2022-10-24,20540.55,20681.39,20187.54,20324.66
2022-10-25,20311.24,20665.78,20309.42,20659.09
2022-10-26,20658.71,20830.39,20568.87,20751.75
2022-10-27,20803.62,20894.3,20536.12,20624.6
2022-10-28,20621.74,20780.46,20619.88,20624.37
2022-10-31,20659.96,20859.39,20640.98,20744.17
2022-11-01,20737.7,20775.22,20627.75,20769.78
2022-11-02,20799.02,20972.49,20737.13,20886.56
2022-11-03,20838.63,20902.72,20675.27,20716.33
2022-11-04,20691.61,20702.7,20053.81,20140.28
2022-11-07,20220.01,20231.33,20127.02,20225.41
2022-11-08,20245.36,20419.17,20237.77,20415.75
2022-11-09,20386.13,20422.87,20148.57,20230.12
2022-11-10,20184.93,20612.65,20162.41,20442.05
2022-11-11,20501.98,20750.77,20399.34,20685.07
2022-11-14,20644.62,20945.57,20641.61,20910.26
2022-11-15,20903.95,21106.89,20896.62,21041.82
2022-11-16,21049.2,21108.33,20713.95,20836.5
2022-11-17,20821.34,20922.57,20779.53,20785.02
2022-11-18,20721.53,21185.54,20533.16,21035.49
2022-11-21,21061.53,21082.11,21038.67,21074.54
2022-11-22,21054.99,21656.99,21053.53,21552.62
2022-11-23,21624.77,21627.79,20833.16,20867.58
2022-11-24,20842.48,21182.52,20799.62,21119.7
2022-11-25,21065.02,21133.97,20881.45,20992.67
2022-11-28,20952.59,21024.89,20719.05,20891.44
2022-11-29,20952.03,21058.49,20816.74,20889.97
2022-11-30,20918.39,20950.3,20843.51,20927.66
2022-12-01,20874.16,21152.84,20822.63,21128.6
2022-12-02,21081.69,21131.94,20903.93,20983.08
2022-12-05,20968.95,21096.67,20666.33,20731.48
2022-12-06,20793.61,20840.38,20285.63,20385.4
2022-12-07,20466.19,20530.49,20367.53,20494.05
2022-12-08,20500.02,20530.73,20218.81,20291.96
2022-12-09,20326.29,20354.11,19851.29,19893.59
2022-12-12,19911.76,19994.14,19895.57,19977.08
2022-12-13,19985.53,20624.86,19961.94,20463.81
2022-12-14,20513.19,20564.03,20401.02,20473.19
2022-12-15,20607.35,20691.29,20560.57,20646.69
2022-12-16,20671.27,20789.7,20637.55,20673.33
2022-12-19,20707.08,20794.75,20583.35,20664.68
2022-12-20,20654.89,20911.71,20513.19,20855.68
2022-12-21,20881.96,21069.22,20786.32,20809.28
2022-12-22,20738.3,20925.54,20732.55,20872.69
2022-12-23,20840.51,21067.23,20765.77,20947.04
2022-12-26,20820.05,20862.83,20194.5,20338.22
2022-12-27,20303.04,20592.47,20187.39,20549.94
2022-12-28,20529.65,20645.05,20395.48,20408.73
2022-12-29,20358.58,20361.03,20241.24,20335.76
2022-12-30,20367.59,20446.04,20287.03,20439.36
2023-01-02,20445.87,20887.71,20429.42,20829.74
2023-01-03,20758.28,20913.35,20755.53,20846.04
2023-01-04,20938.12,21047.5,20807.77,20855.0
2023-01-05,20849.83,21142.48,20771.23,21080.96
2023-01-06,21071.29,21285.67,21037.5,21186.66
2023-01-09,21203.95,21254.37,21114.62,21192.58
2023-01-10,21149.26,21458.31,21060.64,21367.99
2023-01-11,21327.58,21732.86,21281.72,21661.71
2023-01-12,21650.79,21820.52,21610.39,21787.42
2023-01-13,21686.08,21885.11,21583.59,21800.8
2023-01-16,21777.28,21942.83,21456.48,21543.34
2023-01-17,21558.85,21588.17,21313.5,21338.61
2023-01-18,21309.2,21428.72,21256.79,21288.14
2023-01-19,21323.81,21433.75,21082.73,21176.81
2023-01-20,21234.64,21239.45,21148.09,21150.34
2023-01-23,21188.13,21233.98,20989.33,21172.58
2023-01-24,21202.43,21319.48,21171.87,21289.8
2023-01-25,21316.3,21386.81,21157.86,21286.6
2023-01-26,21287.56,21590.63,21277.02,21395.71
2023-01-27,21379.76,21461.94,21287.99,21419.8
2023-01-30,21401.74,21677.06,20987.62,21034.52
2023-01-31,21030.81,21038.14,20734.8,20859.41
2023-02-01,20876.01,21014.03,20826.36,20841.78
2023-02-02,20868.87,20941.55,20609.19,20615.53
2023-02-03,20552.39,20808.82,20539.25,20743.43
2023-02-06,20692.84,21124.04,20687.79,21056.51
2023-02-07,21095.41,21437.51,21084.09,21311.39
2023-02-08,21253.22,21299.72,21101.49,21279.43
2023-02-09,21210.36,21674.87,21158.53,21592.43
2023-02-10,21599.06,21681.1,21580.04,21633.94
2023-02-13,21676.23,21684.76,21560.21,21576.27
2023-02-14,21601.68,21625.06,21364.55,21462.64
2023-02-15,21549.64,21626.61,21305.36,21412.43
2023-02-16,21428.35,21538.53,21233.83,21345.04
2023-02-17,21257.56,21423.18,21254.76,21390.47
2023-02-20,21368.34,21553.21,21255.87,21434.01
2023-02-21,21516.69,21520.7,21344.13,21445.68
2023-02-22,21458.93,21563.48,21418.81,21545.52
2023-02-23,21448.0,21856.11,21348.98,21800.53
2023-02-24,21734.01,22009.22,21647.8,22008.37
2023-02-27,21992.54,22097.5,21700.74,21712.92
2023-02-28,21690.12,21798.59,21126.94,21206.15
2023-03-01,21175.4,21481.91,21078.62,21405.24
2023-03-02,21411.79,21455.72,21100.13,21141.45
2023-03-03,21068.11,21202.26,21063.76,21107.48
2023-03-06,21169.53,21201.58,20836.93,20886.17
2023-03-07,20823.94,20877.91,20540.65,20544.14
2023-03-08,20447.27,20760.45,20386.94,20660.18
2023-03-09,20649.54,20824.17,20599.08,20819.65
2023-03-10,20840.71,20851.11,20686.56,20717.23
2023-03-13,20743.9,20790.53,20108.98,20226.6
2023-03-14,20225.3,20297.32,20047.69,20132.85
2023-03-15,20147.78,20236.82,20113.83,20217.95
2023-03-16,20250.61,20260.0,19929.43,19947.67
2023-03-17,19937.7,20099.47,19923.8,19992.57
2023-03-20,19965.5,20053.91,19850.99,19999.99
2023-03-21,20038.06,20256.44,19951.1,20120.15
2023-03-22,20105.52,20204.93,20079.99,20153.29
2023-03-23,20103.16,20180.24,19975.62,19979.14
2023-03-24,19965.53,20217.9,19932.19,20216.74
2023-03-27,20134.64,20197.86,20108.8,20196.9
2023-03-28,20158.34,20290.79,20104.36,20202.11
2023-03-29,20300.65,20368.44,19983.5,20035.07
2023-03-30,19998.77,20038.32,19908.39,19961.62
2023-03-31,19965.96,20088.86,19754.36,19805.64
2023-04-03,19809.25,19851.44,19692.96,19783.5
2023-04-04,19793.26,20221.0,19725.13,20116.46
2023-04-05,20080.74,20137.93,19790.6,19867.61
2023-04-06,19858.35,19975.57,19508.68,19577.09
2023-04-07,19637.56,19888.06,19549.49,19861.38
2023-04-10,19885.36,19893.93,19831.32,19832.37
2023-04-11,19801.87,19809.83,19554.47,19717.55
2023-04-12,19726.17,20025.9,19586.87,19922.53
2023-04-13,19906.32,19975.96,19699.27,19819.07
2023-04-14,19737.69,20269.69,19718.56,20174.4
2023-04-17,20220.76,20438.26,20196.95,20314.52
2023-04-18,20323.45,20459.37,20185.31,20231.52
2023-04-19,20256.95,20716.6,20182.06,20658.82
2023-04-20,20635.15,20727.34,20382.92,20551.51
2023-04-21,20523.47,20817.04,20504.24,20706.81
2023-04-24,20689.35,20828.19,20680.33,20776.17
2023-04-25,20711.92,21170.4,20711.42,21044.15
2023-04-26,21011.7,21413.5,20932.82,21367.98
2023-04-27,21400.42,21554.3,21358.41,21385.47
2023-04-28,21358.05,21393.77,21197.07,21244.72
2023-05-01,21222.28,21365.53,21081.98,21348.27
2023-05-02,21378.33,21447.49,21086.45,21222.94
2023-05-03,21261.25,21739.67,21185.78,21641.73
2023-05-04,21685.63,21742.17,21663.9,21680.85
2023-05-05,21704.54,21706.3,21532.71,21617.29
2023-05-08,21585.74,21727.2,21507.53,21666.22
2023-05-09,21631.05,21696.24,21391.76,21403.21
2023-05-10,21427.92,21533.26,20693.9,20739.48
2023-05-11,20712.1,20796.35,20476.08,20517.55
2023-05-12,20573.44,20603.43,20366.75,20547.69
2023-05-15,20462.94,20722.66,20354.56,20595.28
2023-05-16,20660.18,20762.41,20654.48,20690.95
2023-05-17,20720.42,20739.43,20660.65,20673.04
2023-05-18,20673.49,20948.1,20644.99,20824.7
2023-05-19,20825.22,20833.81,19913.62,20052.43
2023-05-22,20082.65,20167.37,19997.87,20156.93
2023-05-23,20229.45,20257.5,20108.6,20131.27
2023-05-24,20157.11,20405.99,20102.2,20253.36
2023-05-25,20286.83,20563.07,20279.77,20481.01
2023-05-26,20459.21,20516.83,20216.6,20281.26
2023-05-29,20347.5,20775.0,20296.18,20597.18
2023-05-30,20650.74,20832.54,20584.19,20716.4
2023-05-31,20763.39,20818.93,20645.33,20816.57
2023-06-01,20811.51,21381.81,20683.4,21257.78
2023-06-02,21266.61,21349.74,20992.81,21139.81
2023-06-05,21174.52,21414.76,21145.51,21336.97
2023-06-06,21349.63,21413.89,21319.9,21359.48
2023-06-07,21406.73,21450.2,21303.27,21424.81
2023-06-08,21349.59,21940.67,21344.69,21747.7
2023-06-09,21794.37,21882.7,21722.58,21863.59
2023-06-12,21861.99,22154.35,21801.8,21986.42
2023-06-13,21994.94,22238.85,21928.71,22221.82
2023-06-14,22223.49,22277.44,22071.46,22156.75
2023-06-15,22132.41,22206.37,21841.55,21993.09
2023-06-16,21998.48,22038.26,21672.91,21788.27
2023-06-19,21850.16,21922.04,21218.17,21398.21
2023-06-20,21462.18,22001.56,21379.41,21829.29
2023-06-21,21860.77,21888.71,21568.86,21614.06
2023-06-22,21635.79,21726.53,21494.95,21580.05
2023-06-23,21622.19,21702.7,21509.54,21534.78
2023-06-26,21511.61,21689.43,21467.87,21608.57
2023-06-27,21564.66,21819.02,21494.01,21787.01
2023-06-28,21792.0,22071.67,21762.22,21976.21
2023-06-29,21932.26,22124.71,21719.72,21866.74
2023-06-30,21844.88,21869.33,21757.35,21843.5
2023-07-03,21871.74,22115.8,21861.46,21913.21
2023-07-04,21874.95,21894.17,21845.06,21873.05
2023-07-05,21870.07,22306.58,21801.48,22219.26
2023-07-06,22235.74,22447.01,22149.64,22334.1
2023-07-07,22297.85,22607.79,22290.06,22501.33
2023-07-10,22422.22,22707.81,22167.61,22654.39
2023-07-11,22607.76,23063.21,22545.66,22918.81
2023-07-12,22895.36,23086.92,22822.75,22969.89
2023-07-13,23004.97,23113.01,22658.39,22701.85
2023-07-14,22636.24,22854.59,22390.54,22799.51
2023-07-17,22777.14,23049.22,22516.33,22671.31
2023-07-18,22694.84,22721.82,22528.02,22569.99
2023-07-19,22565.97,22769.65,22560.23,22707.1
2023-07-20,22645.23,22773.47,21817.89,21932.03
2023-07-21,21861.3,22248.22,21695.65,22169.64
2023-07-24,22197.55,22498.81,22080.23,22480.15
2023-07-25,22465.22,22899.82,22448.33,22717.21
2023-07-26,22724.47,22736.46,22575.07,22627.12
2023-07-27,22601.58,22715.8,22349.92,22439.65
2023-07-28,22416.5,22618.86,22200.75,22571.51
2023-07-31,22628.17,22690.33,22170.91,22210.54
2023-08-01,22223.86,22408.05,22209.34,22380.75
2023-08-02,22382.55,22661.13,22349.5,22473.09
2023-08-03,22462.29,22828.57,22412.33,22760.39
2023-08-04,22774.08,22987.81,22746.82,22917.45
2023-08-07,22951.48,23021.26,22871.84,22899.29
2023-08-08,22923.35,23083.48,22612.77,22647.59
2023-08-09,22624.86,22763.44,22584.07,22614.56
2023-08-10,22554.21,22607.85,22363.44,22445.12
2023-08-11,22441.1,22503.06,22110.9,22333.86
2023-08-14,22213.28,22575.94,22200.04,22470.0
2023-08-15,22538.86,22942.06,22461.89,22839.15
2023-08-16,22843.2,22981.48,22793.02,22936.31
2023-08-17,22916.98,23037.5,22588.99,22690.29
2023-08-18,22691.36,22948.45,22645.16,22797.58
2023-08-21,22850.19,23148.12,22790.44,23068.71
2023-08-22,23038.06,23046.05,22942.51,22948.01
2023-08-23,22962.89,23144.12,22864.63,22930.79
2023-08-24,22907.18,22946.11,22769.29,22945.81
2023-08-25,22981.69,23118.83,22744.01,22788.01
2023-08-28,22755.58,23003.82,22718.99,22939.86
2023-08-29,22891.08,22952.55,22862.48,22925.48
2023-08-30,22986.87,23190.57,22900.06,23028.42
2023-08-31,23065.53,23082.45,22843.8,22847.9
2023-09-01,22905.65,22998.19,22699.03,22765.39
2023-09-04,22726.85,23117.79,22714.77,22933.14
2023-09-05,22909.16,22976.32,22780.75,22864.28
2023-09-06,22863.47,23326.72,22843.21,23252.44
2023-09-07,23273.8,23301.22,23143.15,23176.76
2023-09-08,23185.35,23240.68,23061.99,23238.0
2023-09-11,23252.79,23558.57,23196.01,23455.78
2023-09-12,23393.93,23446.17,23151.0,23155.46
2023-09-13,23195.67,23374.54,22741.01,22785.13
2023-09-14,22787.65,22860.56,22465.41,22470.6
2023-09-15,22544.49,22874.68,22483.35,22752.03
2023-09-18,22782.43,22887.42,22639.75,22645.37
2023-09-19,22685.75,23234.54,22613.03,23211.41
2023-09-20,23167.44,23301.01,23059.12,23099.9
2023-09-21,23114.29,23171.43,23095.99,23152.16
2023-09-22,23209.34,23552.77,22992.07,23504.11
2023-09-25,23539.62,23985.14,23518.94,23966.26
2023-09-26,23917.94,24452.81,23711.14,24450.3
2023-09-27,24511.7,25022.61,24507.61,24743.83
2023-09-28,24687.22,25067.43,24630.72,24997.32
2023-09-29,25093.59,25261.63,25001.82,25150.64
2023-10-02,25209.01,25586.48,25146.96,25349.37
2023-10-03,25424.63,25558.34,25109.77,25230.7
2023-10-04,25229.8,25235.97,25042.35,25049.31
2023-10-05,25066.47,25162.29,25035.33,25061.44
2023-10-06,25080.01,25097.76,24999.11,25034.08
2023-10-09,24998.1,25061.32,24927.34,24939.96
2023-10-10,24861.11,25170.95,24772.06,25117.57
2023-10-11,25071.93,25406.73,25010.41,25358.4
2023-10-12,25326.61,25415.55,25320.42,25392.69
2023-10-13,25353.13,25798.51,25265.42,25762.98
2023-10-16,25770.7,25827.27,25369.9,25499.69
2023-10-17,25521.88,25717.95,25438.64,25466.21
2023-10-18,25434.73,25618.91,25266.93,25307.35
2023-10-19,25277.11,25334.39,24868.71,24877.75
2023-10-20,24792.27,24957.01,24752.05,24871.15
2023-10-23,24941.81,24954.23,24712.27,24855.37
2023-10-24,24876.49,25324.68,24827.55,25226.38
2023-10-25,25244.19,25565.61,25231.37,25390.29
2023-10-26,25314.91,25430.64,25069.09,25158.73
2023-10-27,25191.97,25631.7,25188.8,25616.6
2023-10-30,25607.65,26039.32,25607.24,25927.24
2023-10-31,25940.14,26143.19,25820.88,26083.69
2023-11-01,26147.56,26151.42,25980.5,26041.36
2023-11-02,25957.2,26047.38,25595.84,25819.66
2023-11-03,25772.63,25809.43,25737.1,25742.28
2023-11-06,25861.9,26060.52,25815.44,26021.9
2023-11-07,26077.21,26707.39,25922.65,26503.11
2023-11-08,26538.3,26927.33,26519.99,26906.29
2023-11-09,26855.86,26881.62,26709.51,26796.11
2023-11-10,26800.01,26924.2,26508.45,26527.8
2023-11-13,26635.23,26680.51,26562.84,26576.85
2023-11-14,26566.08,26584.63,26100.95,26149.92
2023-11-15,26163.38,26272.75,26144.45,26243.43
2023-11-16,26248.7,26271.16,26030.29,26220.38
2023-11-17,26358.33,26435.1,26016.32,26118.64
2023-11-20,26130.65,26271.36,25690.41,25741.29
2023-11-21,25665.0,25885.17,25502.66,25879.87
2023-11-22,25899.97,25970.65,25677.99,25763.22
2023-11-23,25771.51,25862.22,25440.95,25493.13
2023-11-24,25458.02,25538.36,24643.46,24823.34
2023-11-27,24773.45,24883.33,23895.64,23915.1
2023-11-28,23941.65,23968.52,23718.22,23766.61
2023-11-29,23633.75,23915.79,23559.25,23912.09
2023-11-30,24040.28,24125.5,23976.3,24084.61
2023-12-01,24100.04,24453.4,23977.09,24428.37
2023-12-04,24388.88,24635.33,24303.4,24610.83
2023-12-05,24626.01,24740.39,24349.73,24392.33
2023-12-06,24453.96,24637.5,24295.12,24474.61
2023-12-07,24537.22,24665.87,24446.84,24665.14
2023-12-08,24670.05,24966.34,24539.0,24965.63
2023-12-11,24964.29,25100.26,24949.23,24954.89
2023-12-12,24988.93,25054.34,24818.81,24919.76
2023-12-13,24962.48,24993.8,24700.95,24726.63
2023-12-14,24830.37,24889.69,24484.15,24546.85
2023-12-15,24550.01,24553.61,24341.73,24507.01
2023-12-18,24508.94,24822.23,24381.82,24604.92
2023-12-19,24603.33,24906.82,24554.63,24831.05
2023-12-20,24807.55,24878.13,24485.39,24656.03
2023-12-21,24726.18,25059.45,24679.26,25019.16
2023-12-22,24984.97,25059.11,24938.04,24968.02
2023-12-25,24960.79,25029.93,24871.82,24975.86
2023-12-26,24968.17,25046.8,24681.81,24812.94
2023-12-27,24825.37,25040.59,24155.73,24263.52
2023-12-28,24316.88,24545.83,24270.77,24479.68
2023-12-29,24524.47,24688.62,24500.12,24663.44
2024-01-01,24674.74,24741.25,24522.54,24610.65
2024-01-02,24607.62,24775.79,24519.77,24638.94
2024-01-03,24485.36,24777.28,24357.64,24772.13
2024-01-04,24720.25,24778.15,24379.6,24421.66
2024-01-05,24384.94,24534.81,24285.9,24312.42
2024-01-08,24410.17,24668.56,24383.89,24508.21
2024-01-09,24500.85,24504.83,24162.52,24231.96
2024-01-10,24396.64,24441.05,24309.45,24311.8
2024-01-11,24258.5,24441.91,23902.12,24014.54
2024-01-12,23988.28,24384.44,23904.97,24133.06
2024-01-15,24149.54,24187.61,24098.38,24137.38
2024-01-16,24103.85,24272.72,23731.68,23784.07
2024-01-17,23783.2,24122.03,23660.85,24059.68
2024-01-18,24023.68,24123.21,23834.04,23905.59
2024-01-19,23913.78,23969.94,23628.03,23735.5
2024-01-22,23697.74,23822.4,23602.52,23792.8
2024-01-23,23797.96,24186.39,23640.93,24064.86
2024-01-24,24100.28,24199.29,23787.1,23847.27
2024-01-25,23774.75,24084.37,23599.58,23873.49
2024-01-26,23878.8,24041.11,23844.04,23982.78
2024-01-29,23891.01,24212.71,23699.87,24152.82
2024-01-30,24115.01,24436.38,24103.78,24205.61
2024-01-31,24286.3,24316.14,24104.7,24134.26
2024-02-01,24223.26,24299.1,23922.69,23958.62
2024-02-02,23865.59,24135.14,23821.82,23990.5
2024-02-05,24060.93,24073.29,23704.74,23760.94
2024-02-06,23673.54,23747.74,23113.82,23125.94
2024-02-07,23086.32,23323.14,23081.6,23233.51
2024-02-08,23300.82,23509.11,23274.17,23444.9
2024-02-09,23453.74,23505.45,22928.96,22939.06
2024-02-12,22920.2,22987.88,22712.47,22732.97
2024-02-13,22678.92,23010.23,22509.29,22878.15
2024-02-14,22947.63,23386.61,22858.67,23339.33
2024-02-15,23340.46,23396.02,23265.05,23355.96
2024-02-16,23392.76,23435.93,23138.53,23207.81
2024-02-19,23202.48,23365.99,23066.24,23179.7
2024-02-20,23157.58,23571.12,23090.56,23494.91
2024-02-21,23482.71,23514.48,23250.49,23363.99
2024-02-22,23363.31,23387.62,23070.16,23200.18
2024-02-23,23317.73,23366.85,23086.1,23106.52
2024-02-26,23109.94,23118.88,22876.63,22911.12
2024-02-27,22888.66,23065.76,22728.09,22949.53
2024-02-28,22977.62,23355.62,22937.45,23316.59
2024-02-29,23402.06,23475.83,23380.18,23399.95
2024-03-01,23334.9,23367.32,23277.35,23356.26
2024-03-04,23304.19,23321.64,23229.4,23303.97
2024-03-05,23331.43,23439.46,22939.78,22974.13
2024-03-06,22999.8,23009.73,22333.53,22431.27
2024-03-07,22404.82,22508.71,22300.4,22471.63
2024-03-08,22399.7,22542.05,22397.85,22471.84
2024-03-11,22451.01,22546.67,22318.28,22392.36
2024-03-12,22324.82,22533.34,22284.55,22444.2
2024-03-13,22378.76,22815.57,22141.21,22804.08
2024-03-14,22858.33,22934.04,22658.97,22724.12
2024-03-15,22659.77,23109.98,22653.66,22983.91
2024-03-18,23009.27,23095.1,22933.32,23020.4
2024-03-19,23043.17,23191.94,22715.84,22721.37
2024-03-20,22765.39,22972.08,22748.81,22931.41
2024-03-21,22946.51,22975.2,22619.66,22798.85
2024-03-22,22851.51,23228.25,22786.84,23217.98
2024-03-25,23110.92,23624.17,23004.02,23468.25
2024-03-26,23587.53,23787.48,23257.41,23381.32
2024-03-27,23419.53,23774.62,23359.63,23678.27
2024-03-28,23649.06,23748.16,23618.35,23705.69
2024-03-29,23648.72,23951.89,23629.41,23909.81
2024-04-01,23822.75,24073.69,23664.53,24031.97
2024-04-02,24012.73,24189.04,23775.14,23852.85
2024-04-03,23808.6,23829.02,23704.15,23720.47
2024-04-04,23804.05,23981.23,23695.06,23964.81
2024-04-05,23942.34,24060.02,23881.44,23901.45
2024-04-08,23986.05,24105.83,23628.24,23822.75
2024-04-09,23845.58,23859.23,23526.57,23620.89
2024-04-10,23633.63,23740.24,23560.03,23727.87
2024-04-11,23674.61,24212.42,23525.6,24207.32
2024-04-12,24223.67,24289.14,23821.21,23976.73
2024-04-15,23912.48,24118.98,23895.49,23994.59
2024-04-16,23927.53,24463.63,23885.78,24329.47
2024-04-17,24358.62,24513.45,24197.9,24323.72
2024-04-18,24355.32,24507.22,24205.12,24440.52
2024-04-19,24436.79,24482.39,24167.73,24208.88
2024-04-22,24174.72,24389.78,23923.25,24319.6
2024-04-23,24389.15,24486.52,24268.69,24289.15
2024-04-24,24282.16,24635.36,24278.05,24529.1
2024-04-25,24515.44,24931.7,24310.16,24818.66
2024-04-26,24770.46,25489.8,24662.82,25446.56
2024-04-29,25472.09,25679.2,25348.65,25599.52
2024-04-30,25594.39,25696.47,25427.4,25691.7
2024-05-01,25654.03,25822.76,25589.03,25752.21
2024-05-02,25813.83,25998.32,25652.66,25679.66
2024-05-03,25566.97,25846.17,25318.19,25775.22
2024-05-06,25744.7,25927.07,25654.27,25716.64
2024-05-07,25684.18,25851.22,25616.44,25770.9
2024-05-08,25814.82,26107.73,25708.01,26107.22
2024-05-09,26157.42,26277.64,25808.9,25873.44
2024-05-10,25926.92,26221.68,25910.63,26167.12
2024-05-13,26157.82,26614.32,25976.23,26508.49
2024-05-14,26573.36,26648.01,26464.01,26492.59
2024-05-15,26453.87,26481.03,25927.54,25980.11
2024-05-16,26046.57,26108.1,25667.41,25844.66
2024-05-17,25903.54,26226.52,25870.41,26176.84
2024-05-20,26204.03,26292.25,26086.19,26184.69
2024-05-21,26194.47,26294.47,25885.46,25951.99
2024-05-22,25939.72,26229.12,25801.49,25841.83
2024-05-23,25803.89,26109.14,25803.27,26061.35
2024-05-24,25980.37,26224.43,25947.46,26209.86
2024-05-27,26163.87,26169.08,25986.98,26164.24
2024-05-28,26168.2,26217.46,26055.31,26087.16
2024-05-29,26128.32,26250.12,25995.72,26004.19
2024-05-30,26061.16,26070.03,25719.66,25791.82
2024-05-31,25771.56,26230.02,25659.7,26202.04
2024-06-03,26202.11,26272.72,25984.85,26135.84
2024-06-04,26060.84,26522.4,25967.77,26451.8
2024-06-05,26545.26,26900.27,26518.72,26848.64
2024-06-06,26833.03,27176.54,26819.14,27117.1
2024-06-07,27076.17,27109.64,26926.9,27020.66
2024-06-10,27021.4,27155.5,26844.74,27137.93
2024-06-11,27105.51,27165.36,26968.99,27145.73
2024-06-12,27243.73,27295.46,26901.49,26928.8
2024-06-13,26903.33,27224.64,26803.49,27025.4
2024-06-14,27030.89,27050.46,26673.1,26739.78
2024-06-17,26729.34,27134.08,26692.84,27055.51
2024-06-18,27191.07,27225.59,26935.92,26950.89
2024-06-19,26996.54,27077.87,26859.1,27016.1
2024-06-20,26930.78,27146.69,26897.25,27102.49
2024-06-21,27110.68,27324.48,26903.85,27050.22
2024-06-24,27072.63,27336.86,26897.95,27214.63
2024-06-25,27174.32,27445.45,26982.46,27106.76
2024-06-26,27091.23,27468.9,27028.78,27344.95
2024-06-27,27479.69,27491.66,26910.54,27013.31
2024-06-28,26959.96,27242.11,26861.4,27059.54
2024-07-01,27089.09,27625.46,26904.21,27574.09
2024-07-02,27476.78,27611.97,27269.43,27328.78
2024-07-03,27309.3,27469.37,27162.99,27168.33
2024-07-04,27157.85,27453.43,27039.81,27314.67
2024-07-05,27252.58,27514.75,27208.94,27375.18
2024-07-08,27384.11,27559.36,27306.67,27480.2
2024-07-09,27464.65,27738.08,27409.16,27621.76
2024-07-10,27720.73,27851.44,27627.15,27802.26
2024-07-11,27702.91,28434.95,27614.93,28109.82
2024-07-12,28093.16,28262.71,28065.4,28233.44
2024-07-15,28337.35,28439.2,28133.71,28183.69
2024-07-16,28113.86,28513.78,28019.56,28378.01
2024-07-17,28418.1,28916.65,28384.04,28906.97
2024-07-18,29004.4,29210.71,28811.7,28885.66
2024-07-19,28941.69,28969.02,28478.73,28635.66
2024-07-22,28579.54,29084.45,28433.94,28951.71
2024-07-23,29012.75,29052.91,28807.42,28933.72
2024-07-24,28930.36,29002.27,28337.18,28360.4
2024-07-25,28300.46,28702.08,28156.11,28603.16
2024-07-26,28744.68,28775.04,28354.18,28473.52
2024-07-29,28454.82,28479.33,28437.92,28463.86
2024-07-30,28490.66,28609.5,28402.1,28568.02
2024-07-31,28579.3,28889.14,28553.33,28634.26
2024-08-01,28639.22,28905.21,28597.81,28841.73
2024-08-02,28854.62,28918.83,28719.72,28738.11
2024-08-05,28776.96,28900.79,28758.93,28892.69
2024-08-06,28723.8,28968.73,28592.68,28836.79
2024-08-07,28849.26,29201.58,28835.6,29053.79
2024-08-08,29103.08,29314.11,29086.8,29238.3
2024-08-09,29271.86,29300.66,28447.14,28463.34
2024-08-12,28485.6,28766.21,28431.74,28600.71
2024-08-13,28613.18,28815.06,28451.13,28714.28
2024-08-14,28633.47,29295.35,28590.93,29096.78
2024-08-15,29045.53,29671.33,28849.91,29542.63
2024-08-16,29599.46,29696.67,29495.09,29509.02
2024-08-19,29385.11,29665.06,29356.9,29461.97
2024-08-20,29448.25,29533.93,29372.02,29380.04
2024-08-21,29370.92,29675.04,29274.3,29389.8
2024-08-22,29351.65,29398.4,29195.38,29320.85
2024-08-23,29230.52,29732.62,29137.51,29558.56
2024-08-26,29606.57,29632.21,28923.1,29125.57
2024-08-27,29248.02,29297.43,28836.12,28851.91
2024-08-28,28831.19,29066.97,28446.51,28577.0
2024-08-29,28516.55,28912.72,28428.62,28849.64
2024-08-30,28868.93,29390.03,28713.48,29334.88
2024-09-02,29288.39,29340.36,29262.02,29321.07
2024-09-03,29213.19,29322.98,29066.98,29289.44
2024-09-04,29370.06,29588.28,29115.9,29323.95
2024-09-05,29419.47,29684.9,29231.12,29662.97
2024-09-06,29639.54,29702.48,29276.34,29419.35
2024-09-09,29465.0,29561.61,29333.35,29500.9
2024-09-10,29373.21,29838.84,29311.04,29789.36
2024-09-11,29730.56,30088.48,29652.56,29946.19
2024-09-12,30057.38,30116.89,29909.75,30015.36
2024-09-13,30033.31,30393.3,29989.54,30316.26
2024-09-16,30439.05,30548.83,29521.85,29566.94
2024-09-17,29472.77,29929.42,29332.26,29772.29
2024-09-18,29754.27,29795.99,29586.3,29604.12
2024-09-19,29634.95,29756.44,28975.5,29111.45
2024-09-20,29158.66,29377.27,29101.42,29267.51
2024-09-23,29223.66,29801.34,29140.05,29665.17
2024-09-24,29668.46,29676.93,29468.03,29641.96
2024-09-25,29653.34,29936.79,29610.62,29925.49
2024-09-26,29934.96,30660.26,29795.86,30400.56
2024-09-27,30402.92,30812.56,30188.44,30796.52
2024-09-30,30849.68,31447.44,30732.58,31293.6
2024-10-01,31371.39,31734.11,31321.0,31530.08
2024-10-02,31500.16,31687.77,31461.34,31568.84
2024-10-03,31615.11,31680.03,31092.98,31110.62
2024-10-04,30982.84,31241.89,30788.89,31054.39
2024-10-07,31077.67,31107.28,30818.18,30823.83
2024-10-08,30828.07,31606.3,30787.62,31478.9
2024-10-09,31539.9,31699.51,31389.9,31442.84
2024-10-10,31344.71,31593.81,31112.42,31495.71
2024-10-11,31450.41,31688.92,31272.29,31676.6
2024-10-14,31643.22,31727.0,31542.66,31706.01
2024-10-15,31814.56,32317.78,31637.4,32234.55
2024-10-16,32216.4,32330.56,32029.98,32061.99
2024-10-17,31987.76,32198.25,31584.76,32137.58
2024-10-18,32208.64,32222.15,31794.98,31929.36
2024-10-21,31869.88,31967.23,31540.12,31549.85
2024-10-22,31555.39,31718.64,31345.71,31384.19
2024-10-23,31375.11,31583.0,31212.8,31389.39
2024-10-24,31302.38,31324.38,31134.46,31278.45
2024-10-25,31312.96,31350.87,31054.61,31090.51
2024-10-28,31132.55,31235.52,30664.33,30695.93
2024-10-29,30637.69,30803.3,30530.0,30687.66
2024-10-30,30592.88,30798.1,30214.8,30270.03
2024-10-31,30288.77,30589.56,30205.94,30503.94
2024-11-01,30475.88,30559.59,30371.81,30543.46
2024-11-04,30478.25,30597.45,29995.45,30141.23
2024-11-05,30165.22,30260.92,29963.83,30068.8
2024-11-06,30024.43,30258.67,29788.0,29871.26
2024-11-07,29969.61,30043.86,29743.36,29976.95
2024-11-08,29975.53,30408.08,29930.18,30374.72
2024-11-11,30323.24,30363.69,29687.06,29856.65
2024-11-12,29869.9,30069.96,29817.63,29904.54
2024-11-13,29859.66,30250.13,29764.85,29874.74
2024-11-14,29904.26,30243.15,29654.24,30080.37
2024-11-15,30040.99,30172.45,29972.29,30156.58
2024-11-18,30068.35,30120.24,29889.99,29958.51
2024-11-19,29847.36,29973.47,29785.95,29883.74
2024-11-20,29775.37,29851.24,29641.48,29675.11
2024-11-21,29660.05,30190.02,29475.57,29993.84
2024-11-22,29969.93,30150.42,29929.92,30015.36
2024-11-25,30069.76,30608.6,30033.62,30575.21
2024-11-26,30556.89,30697.39,30398.8,30573.46
2024-11-27,30599.26,30615.98,30357.26,30385.16
2024-11-28,30471.94,30529.99,29786.6,29969.1
2024-11-29,29943.98,30103.95,29399.13,29478.02
2024-12-02,29444.84,29633.82,28969.45,29055.04
2024-12-03,29018.0,29237.74,29002.96,29143.5
2024-12-04,29238.77,29338.15,29058.79,29299.04
2024-12-05,29288.1,29327.13,28724.27,28879.44
2024-12-06,28913.28,29305.81,28783.46,29139.74
2024-12-09,29196.43,29267.28,29019.14,29022.01
2024-12-10,29014.47,29080.16,28959.57,29077.29
2024-12-11,29017.73,29691.69,28959.28,29538.88
2024-12-12,29588.24,29898.64,29456.3,29805.63
2024-12-13,29876.14,30014.49,29727.68,29745.44
2024-12-16,29806.06,29821.18,29373.11,29511.23
2024-12-17,29495.2,29645.91,28888.86,28932.17
2024-12-18,28943.64,29254.84,28642.36,28751.06
2024-12-19,28736.57,28820.58,28692.2,28708.56
2024-12-20,28698.07,28798.2,28403.39,28456.69
2024-12-23,28444.5,28597.59,28362.31,28436.08
2024-12-24,28541.94,28573.44,28326.64,28471.42
2024-12-25,28478.0,28566.93,27562.85,27591.93
2024-12-26,27515.4,27618.98,27496.46,27606.67
2024-12-27,27609.19,27927.53,27592.72,27779.72
2024-12-30,27674.49,28106.61,27598.04,27713.73
2024-12-31,27767.43,27934.5,27592.02,27619.11
2025-01-01,27575.22,27886.56,27405.73,27436.77
2025-01-02,27434.02,27458.04,27398.69,27425.36
2025-01-03,27410.58,27451.99,27391.93,27444.4
2025-01-06,27442.47,27661.81,27344.37,27642.93
2025-01-07,27675.8,27749.59,27635.52,27718.21
2025-01-08,27746.61,28007.13,27669.12,27983.41
2025-01-09,28053.4,28207.46,27937.66,28073.91
2025-01-10,28111.44,28308.35,27861.82,27926.32
2025-01-13,27949.38,28170.05,27845.52,28036.34
2025-01-14,28099.82,28140.93,27620.17,27749.28
2025-01-15,27809.57,28042.01,27659.15,27792.1
2025-01-16,27807.35,27996.12,27680.48,27797.71
2025-01-17,27877.04,27937.43,27678.55,27757.41
2025-01-20,27755.85,27831.34,27553.38,27738.03
2025-01-21,27750.97,27912.44,27192.16,27263.21
2025-01-22,27266.95,27432.71,27063.26,27136.22
2025-01-23,27154.72,27254.89,27094.33,27174.05
2025-01-24,27063.64,27278.94,26958.93,27229.17
2025-01-27,27212.34,27224.44,26864.87,26979.95
2025-01-28,26995.88,27473.59,26920.35,27318.65
2025-01-29,27241.23,27399.8,27062.95,27109.96
2025-01-30,27069.66,27421.49,26979.21,27373.56
2025-01-31,27380.08,27578.65,27331.75,27498.46
2025-02-03,27514.44,27536.33,27212.56,27345.16
2025-02-04,27330.07,27929.35,27048.34,27822.09
2025-02-05,27831.8,27924.68,27466.8,27524.25
2025-02-06,27534.52,27803.98,27225.72,27778.67
2025-02-07,27719.6,28093.96,27418.13,28057.03
2025-02-10,28061.05,28135.26,27801.21,27894.18
2025-02-11,27927.55,28386.62,27748.19,28278.21
2025-02-12,28340.2,28362.52,28210.84,28226.04
2025-02-13,28232.51,28348.95,28106.3,28317.74
2025-02-14,28350.14,28445.43,28199.99,28402.13
2025-02-17,28385.55,28492.94,28379.53,28380.75
2025-02-18,28333.97,28720.93,28238.15,28613.78
2025-02-19,28607.17,28952.42,28525.68,28844.0
2025-02-20,28867.72,28980.12,28358.24,28385.99
2025-02-21,28418.19,28757.69,28414.38,28752.84
2025-02-24,28778.37,28810.66,27982.84,28082.76
2025-02-25,28159.77,28264.05,27815.03,28013.03
2025-02-26,27996.03,28512.3,27963.56,28286.64
2025-02-27,28326.66,28792.16,28282.78,28711.54
2025-02-28,28715.71,29020.75,28678.7,28854.56
2025-03-03,28830.46,29108.75,28649.69,28975.07
2025-03-04,28947.21,29086.15,28861.61,28931.2
2025-03-05,28998.82,29092.39,28835.63,28862.0
2025-03-06,28819.62,29166.41,28742.87,29090.42
2025-03-07,29152.39,29486.92,29022.36,29468.03
2025-03-10,29453.17,29890.3,29201.17,29874.64
2025-03-11,29862.9,29949.28,29715.33,29731.7
2025-03-12,29746.83,29804.48,29647.61,29688.29
2025-03-13,29731.68,29905.01,29056.65,29234.85
2025-03-14,29214.69,29486.93,29008.25,29028.05
2025-03-17,29026.03,29339.28,28878.06,29309.03
2025-03-18,29253.99,29885.55,29221.6,29775.24
2025-03-19,29730.59,29758.07,29439.7,29445.16
2025-03-20,29415.85,29546.78,29208.93,29295.89
2025-03-21,29304.1,29367.09,29288.49,29303.69
2025-03-24,29348.95,29447.51,29275.86,29396.53
2025-03-25,29434.88,29548.87,28967.41,29187.56
2025-03-26,29217.28,29425.57,29169.19,29319.87
2025-03-27,29287.75,29369.91,29083.4,29203.95
2025-03-28,29242.84,29509.75,29150.05,29215.03
2025-03-31,29187.77,29383.19,29000.74,29381.38
2025-04-01,29340.51,29405.02,29235.59,29398.32
2025-04-02,29468.73,29621.24,29186.89,29292.46
2025-04-03,29378.49,29423.35,28202.63,28218.15
2025-04-04,28232.05,28281.8,27831.21,28059.74
2025-04-07,28004.78,28456.05,27899.41,28454.78
2025-04-08,28431.27,28618.17,28414.78,28563.42
2025-04-09,28623.89,28796.78,28583.47,28762.94
2025-04-10,28721.96,28874.89,28023.56,28069.92
2025-04-11,28029.09,28086.27,27909.57,28067.54
2025-04-14,28114.84,28431.58,28073.93,28348.7
2025-04-15,28347.56,28481.07,28148.14,28353.68
2025-04-16,28457.31,28874.71,28414.84,28727.42
2025-04-17,28695.05,29079.64,28659.55,29036.63
2025-04-18,29002.77,29099.01,28887.06,29022.17
2025-04-21,28868.11,29311.67,28768.02,29160.25
2025-04-22,29245.67,29403.35,28640.89,28745.43
2025-04-23,28687.26,28822.8,28249.54,28455.68
2025-04-24,28422.49,28432.39,28037.5,28150.98
2025-04-25,28175.25,28277.11,28121.77,28203.57
2025-04-28,28127.99,28842.32,28124.03,28683.88
2025-04-29,28795.24,28805.88,27643.69,27661.64
2025-04-30,27608.28,27745.87,27436.13,27698.94
2025-05-01,27624.51,28242.98,27593.28,28159.49
2025-05-02,28135.69,28545.1,28092.3,28460.8
2025-05-05,28525.3,28613.54,28390.66,28597.04
2025-05-06,28655.97,29073.92,28599.27,28874.68
2025-05-07,28926.16,29067.41,28530.28,28720.6
2025-05-08,28827.69,28954.39,28633.7,28689.8
2025-05-09,28682.6,28836.02,28538.96,28576.84
2025-05-12,28602.47,28728.82,28053.99,28061.82
2025-05-13,27995.4,28038.47,27103.23,27250.67
2025-05-14,27171.22,27208.18,26853.9,26916.32
2025-05-15,26890.16,27026.63,26597.26,26958.32
2025-05-16,26991.07,27148.16,26907.35,27070.76
2025-05-19,27098.09,27273.33,27013.17,27248.51
2025-05-20,27353.64,27416.31,27137.37,27194.19
2025-05-21,27141.34,27279.24,27128.54,27134.79
2025-05-22,27103.67,27499.92,27030.02,27432.7
2025-05-23,27436.29,28052.05,27415.08,27959.48
2025-05-26,27910.73,27932.87,27635.77,27650.78
2025-05-27,27702.15,27820.2,27638.83,27795.19
2025-05-28,27848.9,27891.32,27516.35,27687.53
2025-05-29,27692.37,27807.27,27543.81,27674.1
2025-05-30,27642.18,28422.49,27621.64,28388.94
2025-06-02,28391.53,28410.81,27818.0,28003.06
2025-06-03,27946.93,28210.82,27899.0,28084.76
2025-06-04,28192.01,28340.86,28188.55,28223.71
2025-06-05,28289.37,28594.05,28234.44,28529.48
2025-06-06,28512.74,28621.54,28452.09,28570.64
2025-06-09,28468.92,28857.09,28359.64,28668.71
2025-06-10,28547.32,28578.72,28504.22,28577.55
2025-06-11,28567.38,28700.94,28493.69,28665.1
2025-06-12,28761.8,28841.2,28498.5,28587.04
2025-06-13,28627.57,29074.17,28532.16,28770.27
2025-06-16,28696.22,28747.63,28646.0,28684.76
2025-06-17,28705.29,28837.21,28681.78,28802.01
2025-06-18,28800.36,28855.12,28710.83,28808.9
2025-06-19,28747.27,29223.2,28733.32,29132.1
2025-06-20,29110.66,29262.18,29048.72,29132.98
2025-06-23,29099.63,29197.96,28643.75,28663.74
2025-06-24,28612.54,29026.51,28571.37,29022.55
2025-06-25,28992.79,29051.51,28675.41,28790.07
2025-06-26,28811.33,29008.3,28526.42,28627.53
2025-06-27,28657.1,28709.55,28380.39,28481.54
2025-06-30,28482.4,28940.34,28429.48,28868.74
2025-07-01,28917.68,28942.91,28150.69,28306.6
2025-07-02,28365.27,29188.51,28334.85,29173.47
2025-07-03,29147.64,29524.81,29120.87,29481.25
2025-07-04,29423.02,29744.21,29297.74,29558.75
2025-07-07,29581.31,29600.47,29427.05,29558.66
2025-07-08,29554.83,29753.76,29472.92,29653.82
2025-07-09,29628.01,29629.14,28652.34,28669.2
2025-07-10,28655.41,28755.38,28290.67,28471.24
2025-07-11,28507.17,28568.38,28437.18,28509.17
2025-07-14,28530.77,28699.8,28404.53,28680.7
2025-07-15,28605.43,28786.54,28581.79,28771.95
2025-07-16,28781.22,28958.19,28688.96,28703.16
2025-07-17,28745.82,28826.02,28622.68,28808.99
2025-07-18,28852.36,29173.15,28805.59,29134.31
2025-07-21,29162.68,29390.13,29140.44,29313.29
2025-07-22,29292.43,29335.56,28506.39,28524.76
2025-07-23,28485.25,28843.88,28457.96,28716.91
2025-07-24,28713.83,28762.07,27903.42,28091.2
2025-07-25,28208.63,28211.42,27969.91,28191.29
2025-07-28,28258.79,28665.33,28140.81,28579.44
2025-07-29,28586.39,29190.21,28556.51,29007.99
2025-07-30,29018.88,29271.31,28958.27,29137.07
2025-07-31,29064.85,29537.29,29016.71,29419.35
2025-08-01,29520.57,29589.89,29495.62,29547.96
2025-08-04,29499.39,29558.22,29203.63,29293.02
2025-08-05,29361.94,29518.33,28835.45,28928.55
2025-08-06,28976.49,29136.16,28767.55,28772.58
2025-08-07,28713.5,29042.91,28645.2,29022.97
2025-08-08,29027.89,29343.63,28869.37,29300.65
2025-08-11,29334.76,29481.63,29118.34,29458.24
2025-08-12,29412.06,29724.11,29179.46,29676.08
2025-08-13,29610.24,29868.6,29597.72,29836.56
2025-08-14,29866.74,29891.27,29642.12,29671.56
2025-08-15,29646.76,29813.29,29593.29,29808.28
2025-08-18,29896.07,30111.93,29878.83,30050.07
2025-08-19,30102.31,30455.0,29861.75,30280.63
2025-08-20,30352.04,30848.28,30306.95,30638.53
2025-08-21,30603.94,30909.24,30561.04,30860.19
2025-08-22,30925.03,31036.55,30869.06,30978.82
2025-08-25,31001.88,31381.45,30876.99,31309.82
2025-08-26,31417.75,31498.6,31197.28,31318.13
2025-08-27,31346.42,31422.44,30517.63,30593.99
2025-08-28,30488.51,30834.73,30486.4,30832.09
2025-08-29,30773.01,31096.95,30766.67,30983.18
2025-09-01,30933.05,31285.7,30857.37,31212.65
2025-09-02,31167.93,31435.91,30888.27,31281.58
2025-09-03,31213.39,31250.22,31171.31,31227.27
2025-09-04,31369.68,31461.76,31035.52,31152.6
2025-09-05,31093.63,31245.55,30529.25,30615.93
2025-09-08,30563.88,30721.89,30526.2,30693.53
2025-09-09,30759.28,30770.59,30679.14,30709.72
2025-09-10,30703.25,30863.44,30464.91,30489.25
2025-09-11,30493.08,30750.1,30302.26,30695.6
2025-09-12,30625.92,30989.61,30511.66,30984.73
2025-09-15,31088.98,31111.84,30445.82,30533.38
2025-09-16,30510.63,30638.33,30234.18,30329.75
2025-09-17,30459.42,30543.8,29982.02,30125.66
2025-09-18,30186.3,30224.71,29834.68,29874.7
2025-09-19,29969.59,30289.97,29802.43,30125.31
2025-09-22,30115.56,30123.2,30042.99,30085.7
2025-09-23,30233.77,30271.29,29959.94,30026.08
2025-09-24,30033.55,30150.19,29392.56,29478.1
2025-09-25,29469.43,29789.52,29345.1,29670.93
2025-09-26,29683.84,29970.99,29108.19,29340.64
2025-09-29,29258.13,29571.2,29165.0,29372.41
2025-09-30,29452.62,29491.18,29393.45,29464.69
2025-10-01,29416.35,30000.88,29282.64,29861.37
2025-10-02,29838.59,29874.61,29294.04,29509.56
2025-10-03,29568.71,29638.23,28539.96,28694.3
2025-10-06,28709.16,28759.57,28657.47,28759.02
2025-10-07,28592.05,29344.89,28557.46,29267.58
2025-10-08,29235.47,29653.78,29060.44,29627.51
2025-10-09,29622.92,29950.7,29601.02,29701.58
2025-10-10,29707.49,29805.56,29492.25,29579.18
2025-10-13,29492.68,29837.44,29318.81,29821.01
2025-10-14,29803.37,29887.79,29544.07,29563.19
2025-10-15,29550.17,29715.18,29540.98,29711.88
2025-10-16,29753.1,29953.15,29583.9,29869.53
2025-10-17,29879.55,30386.36,29777.01,30185.84
2025-10-20,30267.33,31304.56,30091.57,30999.32
2025-10-21,30968.92,31153.84,30935.39,31130.53
2025-10-22,31105.22,31119.34,30837.74,30997.16
2025-10-23,30898.64,31130.0,30747.92,31005.66
2025-10-24,31095.81,31177.84,30305.97,30507.41
2025-10-27,30566.95,30599.69,30028.06,30323.44
2025-10-28,30222.28,30301.84,30130.11,30221.98
2025-10-29,30268.1,30324.58,30060.37,30088.2
2025-10-30,30086.25,30173.48,30066.56,30147.1
2025-10-31,30145.29,30347.17,29904.32,29929.16
2025-11-03,29927.81,30383.31,29828.3,30263.49
2025-11-04,30275.83,30347.33,30257.87,30279.17
2025-11-05,30172.9,30414.52,30082.72,30292.13
2025-11-06,30305.99,30310.88,29998.7,30214.0
2025-11-07,30260.81,30453.95,30126.0,30273.95
2025-11-10,30355.39,30664.81,30216.58,30526.65
2025-11-11,30502.58,30672.84,30285.28,30293.17
2025-11-12,30320.33,30480.48,30074.42,30120.91
2025-11-13,30159.41,30238.24,29995.45,30050.08
2025-11-14,29976.25,29990.82,29643.82,29685.66
2025-11-17,29772.4,29772.7,29421.78,29471.94
2025-11-18,29417.0,29552.9,29204.1,29354.76
2025-11-19,29330.09,29857.83,29282.91,29613.57
2025-11-20,29635.17,29768.64,29505.78,29702.45
2025-11-21,29676.6,29846.55,29625.76,29772.19
2025-11-24,29653.46,30099.41,29588.1,30028.02
2025-11-25,29996.5,30053.13,29813.77,30004.54
2025-11-26,29992.51,30273.09,29819.64,30130.99
2025-11-27,30138.86,30204.09,30083.17,30117.14
2025-11-28,30099.3,30370.38,29992.45,30208.34
2025-12-01,30109.06,30266.46,30000.2,30057.95
2025-12-02,30042.86,30070.6,29174.93,29388.35
2025-12-03,29370.96,29445.47,29362.93,29366.23
2025-12-04,29528.49,30138.5,29443.73,29779.05
2025-12-05,29818.0,30146.84,29750.48,30056.32
2025-12-08,30052.71,30452.4,29916.61,30347.4
2025-12-09,30357.89,30777.05,30341.89,30719.79
2025-12-10,30728.97,30909.36,30522.48,30761.4
2025-12-11,30769.09,30983.85,30675.85,30834.71
2025-12-12,30783.04,31087.47,30575.22,30671.09
2025-12-15,30654.63,30698.36,30420.77,30595.41
2025-12-16,30618.13,30810.69,30612.34,30789.82
2025-12-17,30719.17,31184.97,30476.63,31158.15
2025-12-18,31134.77,31154.2,30976.63,31133.18
2025-12-19,31037.21,31114.19,30819.89,31017.02
2025-12-22,31041.78,31044.56,30957.16,31033.18
2025-12-23,30970.34,31292.91,30888.07,31226.08
2025-12-24,31194.24,31288.51,30793.06,30818.84
2025-12-25,30791.37,30830.21,30172.51,30172.94
2025-12-26,30159.65,30247.74,29987.27,30031.87
2025-12-29,29997.45,30106.67,29652.62,29702.77
2025-12-30,29670.67,29965.68,29452.77,29575.75
2025-12-31,29526.14,29613.56,29440.86,29549.72
